[
  {
    "latest" : false,
    "override" : true,
    "module" : "io.opentelemetry:opentelemetry-exporter-otlp",
    "metadata-version" : "1.19.0",
    "tested-versions" : [
      "1.19.0",
      "1.20.0",
      "1.20.1",
      "1.21.0",
      "1.22.0",
      "1.23.0",
      "1.23.1",
      "1.24.0",
      "1.25.0",
      "1.26.0",
      "1.27.0",
      "1.28.0",
      "1.29.0",
      "1.30.0",
      "1.30.1",
      "1.31.0",
      "1.32.0",
      "1.33.0",
      "1.34.1",
      "1.35.0",
      "1.36.0",
      "1.37.0",
      "1.38.0",
      "1.39.0",
      "1.40.0",
      "1.41.0",
      "1.42.0",
      "1.42.1",
      "1.43.0",
      "1.44.0",
      "1.44.1",
      "1.45.0",
      "1.46.0",
      "1.47.0",
      "1.48.0",
      "1.49.0",
      "1.50.0",
      "1.51.0",
      "1.52.0",
      "1.53.0",
      "1.54.0",
      "1.54.1",
      "1.55.0",
      "1.56.0",
      "1.57.0"
    ]
  }
]
