{
  "resources": {
    "includes": [
      {
        "condition": {
          "typeReachable": "liquibase.resource.ResourceAccessor"
        },
        "pattern": "\\QA String\\E"
      },
      {
        "condition": {
          "typeReachable": "liquibase.util.LiquibaseUtil"
        },
        "pattern": "\\Qliquibase.build.properties\\E"
      },
      {
        "condition": {
          "typeReachable": "liquibase.parser.core.xml.LiquibaseEntityResolver$CombinedClassLoader"
        },
        "pattern": "\\Qwww.liquibase.org/xml/ns/dbchangelog/dbchangelog-latest.xsd\\E"
      },
      {
        "condition": {
          "typeReachable": "liquibase.changelog.ChangeSetStatus"
        },
        "pattern": "java.base:\\Qjdk/internal/icu/impl/data/icudt72b/nfc.nrm\\E"
      },
      {
        "condition": {
          "typeReachable": "liquibase.analytics.configuration.LiquibaseRemoteAnalyticsConfiguration"
        },
        "pattern": "java.base:\\Qjdk/internal/icu/impl/data/icudt72b/nfkc.nrm\\E"
      },
      {
        "condition": {
          "typeReachable": "liquibase.analytics.configuration.LiquibaseRemoteAnalyticsConfiguration"
        },
        "pattern": "java.base:\\Qjdk/internal/icu/impl/data/icudt72b/uprops.icu\\E"
      },
      {
        "condition": {
          "typeReachable": "liquibase.analytics.configuration.LiquibaseRemoteAnalyticsConfiguration"
        },
        "pattern": "java.base:\\Qsun/net/idn/uidna.spp\\E"
      }
    ]
  },
  "bundles": [
    {
      "name": "com.sun.org.apache.xerces.internal.impl.xpath.regex.message",
      "locales": [
        "und"
      ]
    },
    {
      "name": "liquibase/i18n/liquibase-core",
      "locales": [
        "und"
      ]
    }
  ]
}
