[
  {
    "latest" : true,
    "module" : "io.jsonwebtoken:jjwt-orgjson",
    "metadata-version" : "0.12.7",
    "test-version": "0.12.0",
    "tested-versions" : [
      "0.12.7"
    ]
  },
  {
    "module" : "io.jsonwebtoken:jjwt-orgjson",
    "metadata-version" : "0.12.0",
    "tested-versions" : [
      "0.12.0",
      "0.12.1",
      "0.12.2",
      "0.12.3",
      "0.12.4",
      "0.12.5",
      "0.12.6"
    ]
  },
  {
    "module" : "io.jsonwebtoken:jjwt-orgjson",
    "metadata-version" : "0.11.5",
    "tested-versions" : [
      "0.11.5"
    ]
  }
]
