[
  {
    "condition": {
      "typeReachable": "org.hibernate.boot.BootLogging"
    },
    "name": "org.hibernate.boot.BootLogging_$logger",
    "methods": [
      {
        "name": "<init>",
        "parameterTypes": [
          "org.jboss.logging.Logger"
        ]
      }
    ]
  },
  {
    "condition": {
      "typeReachable": "org.hibernate.boot.BootLogging"
    },
    "name": "org.hibernate.boot.BootLogging_$logger_en"
  },
  {
    "condition": {
      "typeReachable": "org.hibernate.boot.BootLogging"
    },
    "name": "org.hibernate.boot.BootLogging_$logger_en_US"
  },
  {
    "condition": {
      "typeReachable": "org.hibernate.internal.CoreMessageLogger"
    },
    "name": "org.hibernate.internal.CoreMessageLogger_$logger",
    "methods": [
      {
        "name": "<init>",
        "parameterTypes": [
          "org.jboss.logging.Logger"
        ]
      }
    ]
  },
  {
    "condition": {
      "typeReachable": "org.hibernate.internal.CoreMessageLogger"
    },
    "name": "org.hibernate.internal.CoreMessageLogger_$logger_en"
  },
  {
    "condition": {
      "typeReachable": "org.hibernate.internal.CoreMessageLogger"
    },
    "name": "org.hibernate.internal.CoreMessageLogger_$logger_en_US"
  },
  {
    "condition": {
      "typeReachable": "org.hibernate.service.internal.ServiceLogger"
    },
    "name": "org.hibernate.service.internal.ServiceLogger_$logger",
    "methods": [
      {
        "name": "<init>",
        "parameterTypes": [
          "org.jboss.logging.Logger"
        ]
      }
    ]
  },
  {
    "condition": {
      "typeReachable": "org.hibernate.service.internal.ServiceLogger"
    },
    "name": "org.hibernate.service.internal.ServiceLogger_$logger_en"
  },
  {
    "condition": {
      "typeReachable": "org.hibernate.service.internal.ServiceLogger"
    },
    "name": "org.hibernate.service.internal.ServiceLogger_$logger_en_US"
  },
  {
    "condition": {
      "typeReachable": "org.hibernate.spatial.integration.SpatialService"
    },
    "name": "org.hibernate.spatial.HSMessageLogger_$logger",
    "methods": [
      {
        "name": "<init>",
        "parameterTypes": [
          "org.jboss.logging.Logger"
        ]
      }
    ]
  },
  {
    "condition": {
      "typeReachable": "org.hibernate.spatial.integration.SpatialService"
    },
    "name": "org.hibernate.spatial.HSMessageLogger_$logger_en"
  },
  {
    "condition": {
      "typeReachable": "org.hibernate.spatial.integration.SpatialService"
    },
    "name": "org.hibernate.spatial.HSMessageLogger_$logger_en_US"
  }
]
