[
  {
    "name": "org.flywaydb.core.api.migration.baseline.BaselineMigrationConfigurationExtension",
    "condition": {
      "typeReachable": "org.flywaydb.core.api.configuration.ClassicConfiguration"
    },
    "allDeclaredFields": true
  },
  {
    "name": "org.flywaydb.core.api.migration.baseline.BaselineMigrationConfigurationExtension",
    "queryAllDeclaredMethods": true,
    "condition": {
      "typeReachable": "org.flywaydb.core.extensibility.ConfigurationExtension"
    },
    "allDeclaredFields": true,
    "queryAllDeclaredConstructors": true,
    "methods": [
      {
        "name": "<init>",
        "parameterTypes": [
        ]
      },
      {
        "name": "getBaselineMigrationPrefix",
        "parameterTypes": [
        ]
      },
      {
        "name": "setBaselineMigrationPrefix",
        "parameterTypes": [
          "java.lang.String"
        ]
      }
    ]
  },
  {
    "name": "org.flywaydb.core.extensibility.ConfigurationExtension",
    "queryAllDeclaredMethods": true,
    "condition": {
      "typeReachable": "org.flywaydb.core.extensibility.ConfigurationExtension"
    }
  },
  {
    "name": "org.flywaydb.core.extensibility.Plugin",
    "queryAllDeclaredMethods": true,
    "condition": {
      "typeReachable": "org.flywaydb.core.extensibility.ConfigurationExtension"
    }
  },
  {
    "name": "org.flywaydb.core.internal.command.clean.CleanModeConfigurationExtension",
    "queryAllDeclaredMethods": true,
    "condition": {
      "typeReachable": "org.flywaydb.core.extensibility.ConfigurationExtension"
    },
    "allDeclaredFields": true,
    "queryAllDeclaredConstructors": true,
    "methods": [
      {
        "name": "<init>",
        "parameterTypes": [
        ]
      },
      {
        "name": "getClean",
        "parameterTypes": [
        ]
      },
      {
        "name": "setClean",
        "parameterTypes": [
          "org.flywaydb.core.internal.command.clean.CleanModel"
        ]
      }
    ]
  },
  {
    "name": "org.flywaydb.core.internal.command.clean.CleanModel",
    "queryAllDeclaredMethods": true,
    "condition": {
      "typeReachable": "org.flywaydb.core.extensibility.ConfigurationExtension"
    },
    "allDeclaredFields": true,
    "queryAllDeclaredConstructors": true
  },
  {
    "name": "org.flywaydb.core.internal.command.clean.SchemaModel",
    "queryAllDeclaredMethods": true,
    "condition": {
      "typeReachable": "org.flywaydb.core.extensibility.ConfigurationExtension"
    },
    "allDeclaredFields": true,
    "queryAllDeclaredConstructors": true
  },
  {
    "name": "org.flywaydb.core.internal.configuration.extensions.DeployScriptFilenameConfigurationExtension",
    "queryAllDeclaredMethods": true,
    "condition": {
      "typeReachable": "org.flywaydb.core.extensibility.ConfigurationExtension"
    },
    "allDeclaredFields": true,
    "queryAllDeclaredConstructors": true,
    "methods": [
      {
        "name": "<init>",
        "parameterTypes": [
        ]
      },
      {
        "name": "getScriptFilename",
        "parameterTypes": [
        ]
      },
      {
        "name": "setScriptFilename",
        "parameterTypes": [
          "java.lang.String"
        ]
      }
    ]
  },
  {
    "name": "org.flywaydb.core.internal.configuration.extensions.PrepareScriptFilenameConfigurationExtension",
    "queryAllDeclaredMethods": true,
    "condition": {
      "typeReachable": "org.flywaydb.core.extensibility.ConfigurationExtension"
    },
    "allDeclaredFields": true,
    "queryAllDeclaredConstructors": true,
    "methods": [
      {
        "name": "<init>",
        "parameterTypes": [
        ]
      },
      {
        "name": "getScriptFilename",
        "parameterTypes": [
        ]
      },
      {
        "name": "setScriptFilename",
        "parameterTypes": [
          "java.lang.String"
        ]
      }
    ]
  },
  {
    "name": "org.flywaydb.core.internal.logging.apachecommons.ApacheCommonsLogCreator",
    "condition": {
      "typeReachable": "org.flywaydb.core.internal.util.ClassUtils"
    },
    "methods": [
      {
        "name": "<init>",
        "parameterTypes": [
        ]
      }
    ]
  },
  {
    "name": "org.flywaydb.core.internal.logging.log4j2.Log4j2LogCreator",
    "condition": {
      "typeReachable": "org.flywaydb.core.internal.util.ClassUtils"
    },
    "methods": [
      {
        "name": "<init>",
        "parameterTypes": [
        ]
      }
    ]
  },
  {
    "name": "org.flywaydb.core.internal.logging.slf4j.Slf4jLogCreator",
    "condition": {
      "typeReachable": "org.flywaydb.core.internal.util.ClassUtils"
    },
    "methods": [
      {
        "name": "<init>",
        "parameterTypes": [
        ]
      }
    ]
  },
  {
    "name": "org.flywaydb.core.internal.proprietaryStubs.LicensingConfigurationExtensionStub",
    "condition": {
      "typeReachable": "org.flywaydb.core.api.configuration.ClassicConfiguration"
    },
    "allDeclaredFields": true
  },
  {
    "name": "org.flywaydb.core.internal.proprietaryStubs.PATTokenConfigurationExtensionStub",
    "condition": {
      "typeReachable": "org.flywaydb.core.api.configuration.ClassicConfiguration"
    },
    "allDeclaredFields": true
  },
  {
    "name": "org.flywaydb.core.internal.publishing.PublishingConfigurationExtension",
    "condition": {
      "typeReachable": "org.flywaydb.core.api.configuration.ClassicConfiguration"
    },
    "allDeclaredFields": true
  },
  {
    "name": "org.flywaydb.core.internal.publishing.PublishingConfigurationExtension",
    "queryAllDeclaredMethods": true,
    "condition": {
      "typeReachable": "org.flywaydb.core.extensibility.ConfigurationExtension"
    },
    "allDeclaredFields": true,
    "queryAllDeclaredConstructors": true,
    "methods": [
      {
        "name": "<init>",
        "parameterTypes": [
        ]
      },
      {
        "name": "isPublishResult",
        "parameterTypes": [
        ]
      },
      {
        "name": "setPublishResult",
        "parameterTypes": [
          "boolean"
        ]
      }
    ]
  }
]
