[
  {
    "name": "org.apache.kafka.streams.processor.internals.assignment.HighAvailabilityTaskAssignor",
    "condition": {
      "typeReachable": "org.apache.kafka.streams.processor.internals.assignment.AssignorConfiguration"
    },
    "allDeclaredMethods": true,
    "allPublicConstructors": true
  },
  {
    "name": "org.apache.kafka.streams.errors.DefaultProductionExceptionHandler",
    "condition": {
      "typeReachable": "org.apache.kafka.streams.StreamsConfig"
    },
    "allDeclaredMethods": true,
    "allPublicConstructors": true
  },
  {
    "name": "org.apache.kafka.streams.errors.LogAndFailExceptionHandler",
    "condition": {
      "typeReachable": "org.apache.kafka.streams.StreamsConfig"
    },
    "allDeclaredMethods": true,
    "allPublicConstructors": true
  },
  {
    "name": "org.apache.kafka.streams.errors.LogAndFailProcessingExceptionHandler",
    "condition": {
      "typeReachable": "org.apache.kafka.streams.StreamsConfig"
    },
    "allDeclaredMethods": true,
    "allPublicConstructors": true
  },
  {
    "name": "org.apache.kafka.streams.processor.FailOnInvalidTimestamp",
    "condition": {
      "typeReachable": "org.apache.kafka.streams.StreamsConfig"
    },
    "allDeclaredMethods": true,
    "allPublicConstructors": true
  },
{
  "name":"org.apache.kafka.streams.processor.internals.DefaultKafkaClientSupplier",
  "condition": {
    "typeReachable": "org.apache.kafka.streams.StreamsConfig"
  },
  "allDeclaredMethods": true,
  "methods":[{"name":"<init>","parameterTypes":[] }]
},
{
  "name":"org.apache.kafka.streams.processor.internals.StateDirectory$StateDirectoryProcessFile",
  "condition": {
    "typeReachable": "org.apache.kafka.streams.processor.internals.StateDirectory"
  },
  "allDeclaredFields":true,
  "queryAllDeclaredMethods":true,
  "queryAllDeclaredConstructors":true,
  "methods":[{"name":"<init>","parameterTypes":[] }]
},
{
  "name":"org.apache.kafka.streams.processor.internals.StreamsPartitionAssignor",
  "condition": {
    "typeReachable": "org.apache.kafka.streams.StreamsConfig"
  },
  "allDeclaredMethods": true,
  "allPublicConstructors": true,
  "methods":[{"name":"<init>","parameterTypes":[] }]
},
{
  "name": "org.apache.kafka.streams.state.BuiltInDslStoreSuppliers$InMemoryDslStoreSuppliers",
  "condition": {
    "typeReachable": "org.apache.kafka.streams.kstream.internals.AbstractConfigurableStoreFactory"
  },
  "allPublicConstructors": true
},
{
  "name": "org.apache.kafka.streams.state.BuiltInDslStoreSuppliers$RocksDBDslStoreSuppliers",
  "condition": {
    "typeReachable": "org.apache.kafka.streams.kstream.internals.AbstractConfigurableStoreFactory"
  },
  "allPublicConstructors": true
}
]
