[
  {
    "latest" : true,
    "override" : true,
    "module" : "io.grpc:grpc-netty",
    "metadata-version" : "1.51.0",
    "tested-versions" : [
      "1.51.0",
      "1.51.1",
      "1.51.3",
      "1.52.0",
      "1.52.1",
      "1.53.0",
      "1.54.0",
      "1.54.1",
      "1.54.2",
      "1.55.1",
      "1.55.3",
      "1.56.0",
      "1.56.1",
      "1.57.0",
      "1.57.1",
      "1.57.2",
      "1.58.0",
      "1.58.1",
      "1.59.0",
      "1.59.1",
      "1.60.0",
      "1.60.1",
      "1.60.2",
      "1.61.0",
      "1.61.1",
      "1.62.2",
      "1.63.0",
      "1.63.1",
      "1.63.2",
      "1.64.0",
      "1.64.1",
      "1.64.2",
      "1.65.0",
      "1.65.1",
      "1.66.0",
      "1.67.1",
      "1.68.0",
      "1.68.1",
      "1.68.2",
      "1.68.3",
      "1.69.0",
      "1.69.1",
      "1.70.0",
      "1.71.0",
      "1.72.0",
      "1.73.0",
      "1.74.0",
      "1.75.0",
      "1.76.0",
      "1.76.1",
      "1.76.2",
      "1.77.0"
    ]
  }
]
