[
  {
    "condition": {
      "typeReachable": "org.apache.activemq.util.IntrospectionSupport"
    },
    "name": "org.apache.activemq.broker.BrokerService",
    "queryAllPublicMethods": true,
    "methods": [
      {
        "name": "setPersistent",
        "parameterTypes": [
          "boolean"
        ]
      }
    ]
  },
  {
    "condition": {
      "typeReachable": "org.apache.activemq.broker.BrokerFactory"
    },
    "name": "org.apache.activemq.broker.DefaultBrokerFactory",
    "methods": [
      {
        "name": "<init>",
        "parameterTypes": []
      }
    ]
  },
  {
    "condition": {
      "typeReachable": "org.apache.activemq.transport.TransportFactory"
    },
    "name": "org.apache.activemq.transport.vm.VMTransportFactory",
    "methods": [
      {
        "name": "<init>",
        "parameterTypes": []
      }
    ]
  },
  {
    "condition": {
      "typeReachable": "org.apache.activemq.util.LongSequenceGenerator"
    },
    "name": "org.apache.activemq.util.LongSequenceGenerator",
    "fields": [
      {
        "name": "lastSequenceId"
      }
    ]
  }
]
