[
  {
    "module" : "org.apache.activemq:activemq-broker",
    "metadata-version" : "5.18.1",
    "tested-versions" : [
      "5.18.1",
      "5.18.2",
      "5.18.3",
      "5.18.4",
      "5.18.5",
      "5.18.6",
      "5.18.7",
      "5.19.0",
      "5.19.1"
    ]
  },
  {
    "latest" : true,
    "module" : "org.apache.activemq:activemq-broker",
    "metadata-version" : "6.0.0",
    "tested-versions" : [
      "6.0.0",
      "6.0.1",
      "6.1.0",
      "6.1.1",
      "6.1.2",
      "6.1.3",
      "6.1.4",
      "6.1.5",
      "6.1.6",
      "6.1.7",
      "6.1.8",
      "6.2.0"
    ]
  }
]
