[
  {
    "latest" : true,
    "module" : "org.testcontainers:testcontainers",
    "metadata-version" : "1.19.8",
    "tested-versions" : [
      "1.19.8",
      "1.20.0",
      "1.20.1",
      "1.20.2",
      "1.20.3",
      "1.20.4",
      "1.20.5",
      "1.20.6",
      "1.21.0",
      "1.21.1",
      "1.21.2",
      "1.21.3",
      "2.0.0",
      "2.0.1",
      "2.0.2"
    ]
  },
  {
    "module" : "org.testcontainers:testcontainers",
    "metadata-version" : "1.17.6",
    "tested-versions" : [
      "1.17.6"
    ]
  }
]
