[
  {
    "latest" : true,
    "override" : true,
    "module" : "io.netty:netty-common",
    "metadata-version" : "4.1.115.Final",
    "tested-versions" : [
      "4.1.115.Final",
      "4.1.116.Final",
      "4.1.117.Final",
      "4.1.118.Final",
      "4.1.119.Final",
      "4.1.120.Final",
      "4.1.121.Final",
      "4.1.122.Final",
      "4.1.123.Final",
      "4.1.124.Final",
      "4.1.125.Final",
      "4.1.126.Final",
      "4.1.127.Final",
      "4.1.128.Final"
    ]
  },
  {
    "override" : true,
    "module" : "io.netty:netty-common",
    "default-for" : "4\\.1\\.(0|[1-9][0-9]?|1[01][0-4])\\.Final",
    "metadata-version" : "4.1.80.Final",
    "tested-versions" : [
      "4.1.80.Final"
    ]
  }
]
