[
  {
    "name": "org.flywaydb.core.internal.command.clean.CleanModel",
    "condition": {
      "typeReachable": "org.flywaydb.core.internal.plugin.PluginRegister"
    },
    "allPublicConstructors": true,
    "allPublicMethods": true
  },
  {
    "name": "org.flywaydb.database.sqlserver.KerberosModel",
    "condition": {
      "typeReachable": "org.flywaydb.core.internal.plugin.PluginRegister"
    },
    "allPublicConstructors": true,
    "allPublicMethods": true
  },
  {
    "name": "org.flywaydb.database.sqlserver.LoginModel",
    "condition": {
      "typeReachable": "org.flywaydb.core.internal.plugin.PluginRegister"
    },
    "allPublicConstructors": true,
    "allPublicMethods": true
  },
  {
    "name": "org.flywaydb.database.sqlserver.SQLServerConfigurationExtension",
    "condition": {
      "typeReachable": "org.flywaydb.core.internal.plugin.PluginRegister"
    },
    "allPublicConstructors": true,
    "allPublicMethods": true
  }
]
