{
  "resources": {
    "includes": [
      {
        "condition": {
          "typeReachable": "org.apache.activemq.artemis.core.remoting.impl.netty.TransportConstants"
        },
        "pattern": "\\QMETA-INF/io.netty.versions.properties\\E"
      },
      {
        "condition": {
          "typeReachable": "org.apache.activemq.artemis.core.remoting.impl.netty.CheckDependencies"
        },
        "pattern": "\\QMETA-INF/native/libnetty_transport_native_epoll_x86_64.so\\E"
      },
      {
        "condition": {
          "typeReachable": "org.apache.activemq.artemis.core.remoting.impl.netty.NettyConnector"
        },
        "pattern": "\\QMETA-INF/services/java.net.spi.InetAddressResolverProvider\\E"
      },
      {
        "condition": {
          "typeReachable": "org.apache.activemq.artemis.commons.shaded.johnzon.core.JsonProviderImpl"
        },
        "pattern": "\\QMETA-INF/services/org.apache.activemq.artemis.commons.shaded.johnzon.core.spi.JsonPointerFactory\\E"
      },
      {
        "condition": {
          "typeReachable": "org.apache.activemq.artemis.spi.core.protocol.MessagePersister"
        },
        "pattern": "\\QMETA-INF/services/org.apache.activemq.artemis.spi.core.protocol.ProtocolManagerFactory\\E"
      },
      {
        "condition": {
          "typeReachable": "org.apache.activemq.artemis.spi.core.remoting.ssl.OpenSSLContextFactoryProvider"
        },
        "pattern": "\\QMETA-INF/services/org.apache.activemq.artemis.spi.core.remoting.ssl.OpenSSLContextFactory\\E"
      },
      {
        "condition": {
          "typeReachable": "org.apache.activemq.artemis.spi.core.remoting.ssl.SSLContextFactoryProvider"
        },
        "pattern": "\\QMETA-INF/services/org.apache.activemq.artemis.spi.core.remoting.ssl.SSLContextFactory\\E"
      },
      {
        "condition": {
          "typeReachable": "org.apache.activemq.artemis.utils.uri.BeanSupport"
        },
        "pattern": "\\QMETA-INF/services/org.apache.commons.logging.LogFactory\\E"
      },
      {
        "condition": {
          "typeReachable": "org.apache.activemq.artemis.utils.VersionLoader"
        },
        "pattern": "\\Qactivemq-version.properties\\E"
      },
      {
        "condition": {
          "typeReachable": "org.apache.activemq.artemis.utils.uri.BeanSupport"
        },
        "pattern": "\\Qcommons-logging.properties\\E"
      },
      {
        "condition": {
          "typeReachable": "org.apache.activemq.artemis.utils.ClassloadingUtil"
        },
        "pattern": "\\Qorg.apache.activemq.artemis.api.jms.ActiveMQJMSClient.properties\\E"
      }
    ]
  },
  "bundles": []
}
