[
{
  "condition":{"typeReachable":"io.undertow.Undertow"},
  "name":"[B"
},
{
  "condition":{"typeReachable":"io.undertow.Undertow"},
  "name":"[C"
},
{
  "condition":{"typeReachable":"io.undertow.Undertow"},
  "name":"[D"
},
{
  "condition":{"typeReachable":"io.undertow.Undertow"},
  "name":"[F"
},
{
  "condition":{"typeReachable":"io.undertow.Undertow"},
  "name":"[I"
},
{
  "condition":{"typeReachable":"io.undertow.Undertow"},
  "name":"[J"
},
{
  "condition":{"typeReachable":"io.undertow.Undertow"},
  "name":"[Ljava.lang.String;"
},
{
  "condition":{"typeReachable":"io.undertow.Undertow"},
  "name":"[S"
},
{
  "condition":{"typeReachable":"io.undertow.Undertow"},
  "name":"[Z"
},
{
  "condition":{"typeReachable":"io.undertow.websockets.jsr.JsrWebSocketLogger"},
  "name":"ch.qos.logback.classic.Logger"
},
{
  "condition":{"typeReachable":"io.undertow.UndertowLogger"},
  "name":"io.undertow.UndertowLogger_$logger",
  "methods":[{"name":"<init>","parameterTypes":["org.jboss.logging.Logger"] }]
},
{
  "condition":{"typeReachable":"io.undertow.UndertowLogger"},
  "name":"io.undertow.UndertowLogger_$logger_en"
},
{
  "condition":{"typeReachable":"io.undertow.UndertowLogger"},
  "name":"io.undertow.UndertowLogger_$logger_en_MA"
},
{
  "condition":{"typeReachable":"io.undertow.UndertowMessages"},
  "name":"io.undertow.UndertowMessages_$bundle",
  "fields":[{"name":"INSTANCE"}]
},
{
  "condition":{"typeReachable":"io.undertow.UndertowMessages"},
  "name":"io.undertow.UndertowMessages_$bundle_en"
},
{
  "condition":{"typeReachable":"io.undertow.UndertowMessages"},
  "name":"io.undertow.UndertowMessages_$bundle_en_MA"
},
{
  "condition":{"typeReachable":"io.undertow.client.UndertowClientMessages"},
  "name":"io.undertow.client.UndertowClientMessages_$bundle",
  "fields":[{"name":"INSTANCE"}]
},
{
  "condition":{"typeReachable":"io.undertow.client.UndertowClientMessages"},
  "name":"io.undertow.client.UndertowClientMessages_$bundle_en"
},
{
  "condition":{"typeReachable":"io.undertow.client.UndertowClientMessages"},
  "name":"io.undertow.client.UndertowClientMessages_$bundle_en_MA"
},
{
  "condition":{"typeReachable":"io.undertow.server.ConnectorStatisticsImpl"},
  "name":"io.undertow.server.ConnectorStatisticsImpl",
  "fields":[{"name":"activeConnections"}, {"name":"activeRequests"}, {"name":"bytesReceived"}, {"name":"bytesSent"}, {"name":"errorCount"}, {"name":"maxActiveConnections"}, {"name":"maxActiveRequests"}, {"name":"maxProcessingTime"}, {"name":"processingTime"}, {"name":"requestCount"}]
},
{
  "condition":{"typeReachable":"io.undertow.server.DefaultByteBufferPool"},
  "name":"io.undertow.server.DefaultByteBufferPool",
  "fields":[{"name":"currentQueueLength"}, {"name":"reclaimedThreadLocals"}]
},
{
  "condition":{"typeReachable":"io.undertow.server.DefaultByteBufferPool$DefaultPooledBuffer"},
  "name":"io.undertow.server.DefaultByteBufferPool$DefaultPooledBuffer",
  "fields":[{"name":"referenceCount"}]
},
{
  "condition":{"typeReachable":"io.undertow.server.handlers.cache.LRUCache$CacheEntry"},
  "name":"io.undertow.server.handlers.cache.LRUCache$CacheEntry",
  "fields":[{"name":"accessToken"}, {"name":"hits"}]
},
{
  "condition":{"typeReachable":"io.undertow.server.protocol.framed.AbstractFramedChannel"},
  "name":"io.undertow.server.protocol.framed.AbstractFramedChannel",
  "fields":[{"name":"outstandingBuffers"}, {"name":"readsBroken"}, {"name":"writesBroken"}]
},
{
  "condition":{"typeReachable":"io.undertow.server.protocol.framed.AbstractFramedStreamSinkChannel"},
  "name":"io.undertow.server.protocol.framed.AbstractFramedStreamSinkChannel",
  "fields":[{"name":"inListenerLoop"}]
},
{
  "condition":{"typeReachable":"io.undertow.server.protocol.http.HttpReadListener"},
  "name":"io.undertow.server.protocol.http.HttpReadListener",
  "fields":[{"name":"requestState"}]
},
{
  "condition":{"typeReachable":"io.undertow.server.protocol.http.HttpRequestParser"},
  "name":"io.undertow.server.protocol.http.HttpRequestParser$$generated",
  "methods":[{"name":"<init>","parameterTypes":["org.xnio.OptionMap"] }]
},
{
  "condition":{"typeReachable":"io.undertow.servlet.UndertowServletLogger"},
  "name":"io.undertow.servlet.UndertowServletLogger_$logger",
  "methods":[{"name":"<init>","parameterTypes":["org.jboss.logging.Logger"] }]
},
{
  "condition":{"typeReachable":"io.undertow.servlet.UndertowServletLogger"},
  "name":"io.undertow.servlet.UndertowServletLogger_$logger_en"
},
{
  "condition":{"typeReachable":"io.undertow.servlet.UndertowServletLogger"},
  "name":"io.undertow.servlet.UndertowServletLogger_$logger_en_MA"
},
{
  "condition":{"typeReachable":"io.undertow.servlet.UndertowServletMessages"},
  "name":"io.undertow.servlet.UndertowServletMessages_$bundle",
  "fields":[{"name":"INSTANCE"}]
},
{
  "condition":{"typeReachable":"io.undertow.servlet.UndertowServletMessages"},
  "name":"io.undertow.servlet.UndertowServletMessages_$bundle_en"
},
{
  "condition":{"typeReachable":"io.undertow.servlet.UndertowServletMessages"},
  "name":"io.undertow.servlet.UndertowServletMessages_$bundle_en_MA"
},
{
  "condition":{"typeReachable":"io.undertow.servlet.core.ManagedFilter"},
  "name":"io.undertow.servlet.core.ManagedFilter",
  "fields":[{"name":"state"}]
},
{
  "condition":{"typeReachable":"io.undertow.servlet.core.ManagedServlet"},
  "name":"io.undertow.servlet.core.ManagedServlet",
  "fields":[{"name":"unavailableUntil"}]
},
{
  "condition":{"typeReachable":"io.undertow.servlet.api.ServletInfo"},
  "name":"io.undertow.servlet.handlers.DefaultServlet",
  "methods":[{"name":"<init>","parameterTypes":[] }]
},
{
  "condition":{"typeReachable":"io.undertow.servlet.core.ManagedServlet$DefaultInstanceStrategy"},
  "name":"io.undertow.servlet.handlers.DefaultServlet",
  "methods":[{"name":"<init>","parameterTypes":[] }]
},
{
  "condition":{"typeReachable":"io.undertow.servlet.spec.ServletOutputStreamImpl"},
  "name":"io.undertow.servlet.spec.ServletOutputStreamImpl",
  "fields":[{"name":"state"}]
},
{
  "condition":{"typeReachable":"io.undertow.servlet.spec.ServletPrintWriterDelegate"},
  "name":"io.undertow.servlet.spec.ServletPrintWriterDelegate",
  "unsafeAllocated":true
},
{
  "condition":{"typeReachable":"io.undertow.util.ConcurrentDirectDeque"},
  "name":"io.undertow.util.FastConcurrentDirectDeque",
  "methods":[{"name":"<init>","parameterTypes":[] }]
},
{
  "condition":{"typeReachable":"io.undertow.util.FastConcurrentDirectDeque"},
  "name":"io.undertow.util.FastConcurrentDirectDeque",
  "fields":[{"name":"head"}, {"name":"tail"}]
},
{
  "condition":{"typeReachable":"io.undertow.util.FastConcurrentDirectDeque"},
  "name":"io.undertow.util.FastConcurrentDirectDeque$Node",
  "fields":[{"name":"item"}, {"name":"next"}, {"name":"prev"}]
},
{
  "condition":{"typeReachable":"io.undertow.server.protocol.http.HttpRequestParser"},
  "name":"io.undertow.util.Headers",
  "allDeclaredFields":true
},
{
  "condition":{"typeReachable":"io.undertow.util.Headers$1"},
  "name":"io.undertow.util.Headers",
  "allDeclaredFields":true
},
{
  "condition":{"typeReachable":"io.undertow.util.HttpString"},
  "name":"io.undertow.util.HttpString",
  "fields":[{"name":"hashCode"}]
},
{
  "condition":{"typeReachable":"io.undertow.server.protocol.http.HttpRequestParser"},
  "name":"io.undertow.util.Methods",
  "allDeclaredFields":true
},
{
  "condition":{"typeReachable":"io.undertow.server.protocol.http.HttpRequestParser"},
  "name":"io.undertow.util.Protocols",
  "allDeclaredFields":true
},
{
  "condition":{"typeReachable":"io.undertow.util.ReferenceCountedPooled"},
  "name":"io.undertow.util.ReferenceCountedPooled",
  "fields":[{"name":"referenceCount"}]
},
{
  "condition":{"typeReachable":"io.undertow.websockets.core.WebSocketLogger"},
  "name":"io.undertow.websockets.core.WebSocketLogger_$logger",
  "methods":[{"name":"<init>","parameterTypes":["org.jboss.logging.Logger"] }]
},
{
  "condition":{"typeReachable":"io.undertow.websockets.core.WebSocketLogger"},
  "name":"io.undertow.websockets.core.WebSocketLogger_$logger_en"
},
{
  "condition":{"typeReachable":"io.undertow.websockets.core.WebSocketLogger"},
  "name":"io.undertow.websockets.core.WebSocketLogger_$logger_en_MA"
},
{
  "condition":{"typeReachable":"io.undertow.websockets.core.WebSocketMessages"},
  "name":"io.undertow.websockets.core.WebSocketMessages_$bundle",
  "fields":[{"name":"INSTANCE"}]
},
{
  "condition":{"typeReachable":"io.undertow.websockets.core.WebSocketMessages"},
  "name":"io.undertow.websockets.core.WebSocketMessages_$bundle_en"
},
{
  "condition":{"typeReachable":"io.undertow.websockets.core.WebSocketMessages"},
  "name":"io.undertow.websockets.core.WebSocketMessages_$bundle_en_MA"
},
{
  "condition":{"typeReachable":"io.undertow.servlet.api.ListenerInfo"},
  "name":"io.undertow.websockets.jsr.Bootstrap$WebSocketListener",
  "methods":[{"name":"<init>","parameterTypes":[] }]
},
{
  "condition":{"typeReachable":"io.undertow.servlet.core.ApplicationListeners"},
  "name":"io.undertow.websockets.jsr.Bootstrap$WebSocketListener",
  "methods":[{"name":"<init>","parameterTypes":[] }]
},
{
  "condition":{"typeReachable":"io.undertow.servlet.core.ManagedFilter"},
  "name":"io.undertow.websockets.jsr.JsrWebSocketFilter",
  "methods":[{"name":"<init>","parameterTypes":[] }]
},
{
  "condition":{"typeReachable":"io.undertow.servlet.spec.ServletContextImpl"},
  "name":"io.undertow.websockets.jsr.JsrWebSocketFilter",
  "methods":[{"name":"<init>","parameterTypes":[] }]
},
{
  "condition":{"typeReachable":"io.undertow.servlet.core.ApplicationListeners"},
  "name":"io.undertow.websockets.jsr.JsrWebSocketFilter$LogoutListener",
  "methods":[{"name":"<init>","parameterTypes":[] }]
},
{
  "condition":{"typeReachable":"io.undertow.servlet.spec.ServletContextImpl"},
  "name":"io.undertow.websockets.jsr.JsrWebSocketFilter$LogoutListener",
  "methods":[{"name":"<init>","parameterTypes":[] }]
},
{
  "condition":{"typeReachable":"io.undertow.websockets.jsr.JsrWebSocketLogger"},
  "name":"io.undertow.websockets.jsr.JsrWebSocketLogger_$logger",
  "methods":[{"name":"<init>","parameterTypes":["org.jboss.logging.Logger"] }]
},
{
  "condition":{"typeReachable":"io.undertow.websockets.jsr.JsrWebSocketLogger"},
  "name":"io.undertow.websockets.jsr.JsrWebSocketLogger_$logger_en"
},
{
  "condition":{"typeReachable":"io.undertow.websockets.jsr.JsrWebSocketLogger"},
  "name":"io.undertow.websockets.jsr.JsrWebSocketLogger_$logger_en_MA"
},
{
  "condition":{"typeReachable":"io.undertow.websockets.jsr.JsrWebSocketMessages"},
  "name":"io.undertow.websockets.jsr.JsrWebSocketMessages_$bundle",
  "fields":[{"name":"INSTANCE"}]
},
{
  "condition":{"typeReachable":"io.undertow.websockets.jsr.JsrWebSocketMessages"},
  "name":"io.undertow.websockets.jsr.JsrWebSocketMessages_$bundle_en"
},
{
  "condition":{"typeReachable":"io.undertow.websockets.jsr.JsrWebSocketMessages"},
  "name":"io.undertow.websockets.jsr.JsrWebSocketMessages_$bundle_en_MA"
},
{
  "condition":{"typeReachable":"io.undertow.Undertow"},
  "name":"java.lang.Boolean",
  "fields":[{"name":"TYPE"}]
},
{
  "condition":{"typeReachable":"io.undertow.Undertow"},
  "name":"java.lang.Byte",
  "fields":[{"name":"TYPE"}]
},
{
  "condition":{"typeReachable":"io.undertow.Undertow"},
  "name":"java.lang.Character",
  "fields":[{"name":"TYPE"}]
},
{
  "condition":{"typeReachable":"io.undertow.Undertow"},
  "name":"java.lang.Deprecated",
  "queryAllPublicMethods":true
},
{
  "condition":{"typeReachable":"io.undertow.Undertow"},
  "name":"java.lang.Double",
  "fields":[{"name":"TYPE"}]
},
{
  "condition":{"typeReachable":"io.undertow.Undertow"},
  "name":"java.lang.Float",
  "fields":[{"name":"TYPE"}]
},
{
  "condition":{"typeReachable":"io.undertow.Undertow"},
  "name":"java.lang.Integer",
  "fields":[{"name":"TYPE"}]
},
{
  "condition":{"typeReachable":"io.undertow.Undertow"},
  "name":"java.lang.Long",
  "fields":[{"name":"TYPE"}]
},
{
  "condition":{"typeReachable":"io.undertow.Undertow"},
  "name":"java.lang.Short",
  "fields":[{"name":"TYPE"}]
},
{
  "condition":{"typeReachable":"io.undertow.Undertow"},
  "name":"java.lang.StackTraceElement",
  "queryAllPublicMethods":true
},
{
  "condition":{"typeReachable":"io.undertow.Undertow"},
  "name":"java.lang.String",
  "fields":[{"name":"TYPE"}]
},
{
  "condition":{"typeReachable":"io.undertow.util.FlexBase64$1"},
  "name":"java.lang.String",
  "methods":[{"name":"<init>","parameterTypes":["char[]","boolean"] }]
},
{
  "condition":{"typeReachable":"io.undertow.Undertow"},
  "name":"java.lang.Thread",
  "fields":[{"name":"contextClassLoader"}]
},
{
  "condition":{"typeReachable":"io.undertow.Undertow"},
  "name":"java.lang.Void",
  "fields":[{"name":"TYPE"}]
},
{
  "condition":{"typeReachable":"io.undertow.Undertow"},
  "name":"java.lang.management.BufferPoolMXBean",
  "queryAllPublicMethods":true
},
{
  "condition":{"typeReachable":"io.undertow.Undertow"},
  "name":"java.lang.management.ClassLoadingMXBean",
  "queryAllPublicMethods":true
},
{
  "condition":{"typeReachable":"io.undertow.Undertow"},
  "name":"java.lang.management.CompilationMXBean",
  "queryAllPublicMethods":true
},
{
  "condition":{"typeReachable":"io.undertow.Undertow"},
  "name":"java.lang.management.LockInfo",
  "queryAllPublicMethods":true
},
{
  "condition":{"typeReachable":"io.undertow.Undertow"},
  "name":"java.lang.management.ManagementPermission",
  "methods":[{"name":"<init>","parameterTypes":["java.lang.String"] }]
},
{
  "condition":{"typeReachable":"io.undertow.Undertow"},
  "name":"java.lang.management.MemoryMXBean",
  "queryAllPublicMethods":true
},
{
  "condition":{"typeReachable":"io.undertow.Undertow"},
  "name":"java.lang.management.MemoryManagerMXBean",
  "queryAllPublicMethods":true
},
{
  "condition":{"typeReachable":"io.undertow.Undertow"},
  "name":"java.lang.management.MemoryPoolMXBean",
  "queryAllPublicMethods":true
},
{
  "condition":{"typeReachable":"io.undertow.Undertow"},
  "name":"java.lang.management.MemoryUsage",
  "queryAllPublicMethods":true
},
{
  "condition":{"typeReachable":"io.undertow.Undertow"},
  "name":"java.lang.management.MonitorInfo",
  "queryAllPublicMethods":true
},
{
  "condition":{"typeReachable":"io.undertow.Undertow"},
  "name":"java.lang.management.PlatformLoggingMXBean",
  "queryAllPublicMethods":true,
  "methods":[{"name":"getLoggerLevel","parameterTypes":["java.lang.String"] }, {"name":"getLoggerNames","parameterTypes":[] }, {"name":"getParentLoggerName","parameterTypes":["java.lang.String"] }, {"name":"setLoggerLevel","parameterTypes":["java.lang.String","java.lang.String"] }]
},
{
  "condition":{"typeReachable":"io.undertow.Undertow"},
  "name":"java.lang.management.RuntimeMXBean",
  "queryAllPublicMethods":true
},
{
  "condition":{"typeReachable":"io.undertow.Undertow"},
  "name":"java.lang.management.ThreadInfo",
  "queryAllPublicMethods":true
},
{
  "condition":{"typeReachable":"io.undertow.Undertow"},
  "name":"java.math.BigDecimal"
},
{
  "condition":{"typeReachable":"io.undertow.Undertow"},
  "name":"java.math.BigInteger"
},
{
  "condition":{"typeReachable":"io.undertow.server.session.SecureRandomSessionIdGenerator"},
  "name":"java.security.SecureRandomParameters"
},
{
  "condition":{"typeReachable":"io.undertow.websockets.client.WebSocket13ClientHandshake"},
  "name":"java.security.SecureRandomParameters"
},
{
  "condition":{"typeReachable":"io.undertow.Undertow"},
  "name":"java.util.Date"
},
{
  "condition":{"typeReachable":"io.undertow.Undertow"},
  "name":"java.util.PropertyPermission",
  "methods":[{"name":"<init>","parameterTypes":["java.lang.String","java.lang.String"] }]
},
{
  "condition":{"typeReachable":"io.undertow.Undertow"},
  "name":"java.util.logging.LogManager",
  "methods":[{"name":"getLoggingMXBean","parameterTypes":[] }]
},
{
  "condition":{"typeReachable":"io.undertow.Undertow"},
  "name":"java.util.logging.LoggingMXBean",
  "queryAllPublicMethods":true
},
{
  "condition":{"typeReachable":"io.undertow.Undertow"},
  "name":"jdk.management.jfr.ConfigurationInfo",
  "queryAllPublicMethods":true
},
{
  "condition":{"typeReachable":"io.undertow.Undertow"},
  "name":"jdk.management.jfr.EventTypeInfo",
  "queryAllPublicMethods":true
},
{
  "condition":{"typeReachable":"io.undertow.Undertow"},
  "name":"jdk.management.jfr.FlightRecorderMXBean",
  "queryAllPublicMethods":true
},
{
  "condition":{"typeReachable":"io.undertow.Undertow"},
  "name":"jdk.management.jfr.RecordingInfo",
  "queryAllPublicMethods":true
},
{
  "condition":{"typeReachable":"io.undertow.Undertow"},
  "name":"jdk.management.jfr.SettingDescriptorInfo",
  "queryAllPublicMethods":true
},
{
  "condition":{"typeReachable":"io.undertow.websockets.jsr.JsrWebSocketLogger"},
  "name":"org.apache.log4j.LogManager"
},
{
  "condition":{"typeReachable":"io.undertow.websockets.jsr.JsrWebSocketLogger"},
  "name":"org.apache.logging.log4j.Logger"
},
{
  "condition":{"typeReachable":"io.undertow.websockets.jsr.JsrWebSocketLogger"},
  "name":"org.jboss.logmanager.LogManager"
},
{
  "condition":{"typeReachable":"io.undertow.Undertow"},
  "name":"org.jboss.threads.EnhancedQueueExecutor",
  "fields":[{"name":"activeCount"}, {"name":"peakQueueSize"}, {"name":"peakThreadCount"}, {"name":"queueSize"}, {"name":"terminationWaiters"}]
},
{
  "condition":{"typeReachable":"io.undertow.Undertow"},
  "name":"org.jboss.threads.EnhancedQueueExecutor$QNode",
  "fields":[{"name":"next"}]
},
{
  "condition":{"typeReachable":"io.undertow.Undertow"},
  "name":"org.jboss.threads.EnhancedQueueExecutorBase1",
  "fields":[{"name":"tail"}]
},
{
  "condition":{"typeReachable":"io.undertow.Undertow"},
  "name":"org.jboss.threads.EnhancedQueueExecutorBase3",
  "fields":[{"name":"head"}]
},
{
  "condition":{"typeReachable":"io.undertow.Undertow"},
  "name":"org.jboss.threads.EnhancedQueueExecutorBase5",
  "fields":[{"name":"threadStatus"}]
},
{
  "condition":{"typeReachable":"io.undertow.Undertow"},
  "name":"org.jboss.threads.Messages_$logger",
  "methods":[{"name":"<init>","parameterTypes":["org.jboss.logging.Logger"] }]
},
{
  "condition":{"typeReachable":"io.undertow.Undertow"},
  "name":"org.jboss.threads.Messages_$logger_en"
},
{
  "condition":{"typeReachable":"io.undertow.Undertow"},
  "name":"org.jboss.threads.Messages_$logger_en_MA"
},
{
  "condition":{"typeReachable":"io.undertow.websockets.client.WebSocketClient$ConnectionBuilder"},
  "name":"org.xnio.Connection",
  "fields":[{"name":"state"}]
},
{
  "condition":{"typeReachable":"io.undertow.Undertow"},
  "name":"org.xnio.XnioWorker",
  "fields":[{"name":"taskSeq"}]
},
{
  "condition":{"typeReachable":"io.undertow.Undertow"},
  "name":"org.xnio._private.Messages_$logger",
  "methods":[{"name":"<init>","parameterTypes":["org.jboss.logging.Logger"] }]
},
{
  "condition":{"typeReachable":"io.undertow.Undertow"},
  "name":"org.xnio._private.Messages_$logger_en"
},
{
  "condition":{"typeReachable":"io.undertow.Undertow"},
  "name":"org.xnio._private.Messages_$logger_en_MA"
},
{
  "condition":{"typeReachable":"io.undertow.Undertow"},
  "name":"org.xnio.management.XnioProviderMXBean",
  "queryAllPublicMethods":true
},
{
  "condition":{"typeReachable":"io.undertow.Undertow"},
  "name":"org.xnio.management.XnioServerMXBean",
  "queryAllPublicMethods":true
},
{
  "condition":{"typeReachable":"io.undertow.Undertow"},
  "name":"org.xnio.management.XnioWorkerMXBean",
  "queryAllPublicMethods":true
},
{
  "condition":{"typeReachable":"io.undertow.Undertow"},
  "name":"org.xnio.nio.Log_$logger",
  "methods":[{"name":"<init>","parameterTypes":["org.jboss.logging.Logger"] }]
},
{
  "condition":{"typeReachable":"io.undertow.Undertow"},
  "name":"org.xnio.nio.Log_$logger_en"
},
{
  "condition":{"typeReachable":"io.undertow.Undertow"},
  "name":"org.xnio.nio.Log_$logger_en_MA"
},
{
  "condition":{"typeReachable":"io.undertow.websockets.client.WebSocketClient$ConnectionBuilder"},
  "name":"org.xnio.nio.NioSocketConduit",
  "fields":[{"name":"readTimeout"}, {"name":"writeTimeout"}]
},
{
  "condition":{"typeReachable":"io.undertow.Undertow"},
  "name":"org.xnio.nio.NioTcpServer",
  "fields":[{"name":"connectionStatus"}, {"name":"keepAlive"}, {"name":"oobInline"}, {"name":"readTimeout"}, {"name":"sendBuffer"}, {"name":"tcpNoDelay"}, {"name":"writeTimeout"}]
},
{
  "condition":{"typeReachable":"io.undertow.Undertow"},
  "name":"org.xnio.nio.NioTcpServer$1",
  "queryAllPublicConstructors":true
},
{
  "condition":{"typeReachable":"io.undertow.Undertow"},
  "name":"org.xnio.nio.NioXnio$3",
  "queryAllPublicConstructors":true
},
{
  "condition":{"typeReachable":"io.undertow.Undertow"},
  "name":"org.xnio.nio.NioXnioWorker",
  "fields":[{"name":"shutdownWaiter"}, {"name":"state"}]
},
{
  "condition":{"typeReachable":"io.undertow.Undertow"},
  "name":"org.xnio.nio.NioXnioWorker$NioWorkerMetrics",
  "queryAllPublicConstructors":true
},
{
  "condition":{"typeReachable":"io.undertow.Undertow"},
  "name":"org.xnio.nio.WorkerThread",
  "fields":[{"name":"state"}]
},
{
  "condition":{"typeReachable":"io.undertow.Undertow"},
  "name":"sun.management.ClassLoadingImpl",
  "queryAllPublicConstructors":true
},
{
  "condition":{"typeReachable":"io.undertow.Undertow"},
  "name":"sun.management.CompilationImpl",
  "queryAllPublicConstructors":true
},
{
  "condition":{"typeReachable":"io.undertow.Undertow"},
  "name":"sun.management.ManagementFactoryHelper$1",
  "queryAllPublicConstructors":true
},
{
  "condition":{"typeReachable":"io.undertow.Undertow"},
  "name":"sun.management.ManagementFactoryHelper$PlatformLoggingImpl",
  "queryAllPublicConstructors":true
},
{
  "condition":{"typeReachable":"io.undertow.Undertow"},
  "name":"sun.management.MemoryImpl",
  "queryAllPublicConstructors":true
},
{
  "condition":{"typeReachable":"io.undertow.Undertow"},
  "name":"sun.management.MemoryManagerImpl",
  "queryAllPublicConstructors":true
},
{
  "condition":{"typeReachable":"io.undertow.Undertow"},
  "name":"sun.management.MemoryPoolImpl",
  "queryAllPublicConstructors":true
},
{
  "condition":{"typeReachable":"io.undertow.Undertow"},
  "name":"sun.management.RuntimeImpl",
  "queryAllPublicConstructors":true
},
{
  "condition":{"typeReachable":"io.undertow.Undertow"},
  "name":"sun.misc.Unsafe",
  "fields":[{"name":"theUnsafe"}]
},
{
  "condition":{"typeReachable":"io.undertow.server.DirectByteBufferDeallocator"},
  "name":"sun.misc.Unsafe",
  "fields":[{"name":"theUnsafe"}],
  "methods":[{"name":"invokeCleaner","parameterTypes":["java.nio.ByteBuffer"] }]
},
{
  "condition":{"typeReachable":"io.undertow.servlet.spec.ServletPrintWriterDelegate"},
  "name":"sun.misc.Unsafe",
  "fields":[{"name":"theUnsafe"}]
},
{
  "condition":{"typeReachable":"io.undertow.server.session.SecureRandomSessionIdGenerator"},
  "name":"sun.security.provider.NativePRNG",
  "methods":[{"name":"<init>","parameterTypes":[] }, {"name":"<init>","parameterTypes":["java.security.SecureRandomParameters"] }]
},
{
  "condition":{"typeReachable":"io.undertow.websockets.client.WebSocket13ClientHandshake"},
  "name":"sun.security.provider.NativePRNG",
  "methods":[{"name":"<init>","parameterTypes":[] }, {"name":"<init>","parameterTypes":["java.security.SecureRandomParameters"] }]
},
{
  "condition":{"typeReachable":"io.undertow.websockets.client.WebSocket13ClientHandshake"},
  "name":"sun.security.provider.SHA",
  "methods":[{"name":"<init>","parameterTypes":[] }]
},
{
  "condition":{"typeReachable":"io.undertow.websockets.core.protocol.version07.Hybi07Handshake"},
  "name":"sun.security.provider.SHA",
  "methods":[{"name":"<init>","parameterTypes":[] }]
},
{
  "condition":{"typeReachable":"io.undertow.websockets.jsr.DefaultContainerConfigurator"},
  "name":"undertow.WebSocketHandler",
  "methods":[{"name":"<init>","parameterTypes":[] }]
},
{
  "condition":{"typeReachable":"io.undertow.websockets.jsr.ServerWebSocketContainer"},
  "name":"undertow.WebSocketHandler",
  "methods":[{"name":"<init>","parameterTypes":[] }]
},
{
  "condition":{"typeReachable":"io.undertow.websockets.jsr.annotated.AnnotatedEndpoint$2"},
  "name":"undertow.WebSocketHandler",
  "methods":[{"name":"onMessage","parameterTypes":["jakarta.websocket.Session","java.lang.String"] }]
},
{
  "condition":{"typeReachable":"io.undertow.websockets.jsr.annotated.AnnotatedEndpoint$3"},
  "name":"undertow.WebSocketHandler",
  "methods":[{"name":"onOpen","parameterTypes":["jakarta.websocket.Session"] }]
},
{
  "condition":{"typeReachable":"io.undertow.websockets.jsr.annotated.AnnotatedEndpoint$4"},
  "name":"undertow.WebSocketHandler",
  "methods":[{"name":"onClose","parameterTypes":["jakarta.websocket.Session","jakarta.websocket.CloseReason"] }]
},
{
  "condition":{"typeReachable":"io.undertow.websockets.jsr.annotated.AnnotatedEndpointFactory"},
  "name":"undertow.WebSocketHandler",
  "queryAllDeclaredMethods":true
},
{
  "condition":{"typeReachable":"io.undertow.websockets.jsr.annotated.BoundMethod"},
  "name":"undertow.WebSocketHandler"
}
]