[
  {
    "latest" : true,
    "module" : "org.flywaydb:flyway-core",
    "metadata-version" : "11.14.1",
    "tested-versions" : [
      "10.20.1",
      "10.21.0",
      "10.22.0",
      "11.0.0",
      "11.0.1",
      "11.1.0",
      "11.1.1",
      "11.2.0",
      "11.3.0",
      "11.3.1",
      "11.3.2",
      "11.3.3",
      "11.3.4",
      "11.4.0",
      "11.4.1",
      "11.5.0",
      "11.6.0",
      "11.7.0",
      "11.7.1",
      "11.7.2",
      "11.8.0",
      "11.8.2",
      "11.9.0",
      "11.9.1",
      "11.9.2",
      "11.10.0",
      "11.10.1",
      "11.10.2",
      "11.10.3",
      "11.10.4",
      "11.10.5",
      "11.11.0",
      "11.11.1",
      "11.11.2",
      "11.14.1",
      "11.15.0",
      "11.16.0",
      "11.17.0",
      "11.17.1",
      "11.17.2",
      "11.18.0"
    ]
  },
  {
    "module" : "org.flywaydb:flyway-core",
    "default-for" : "10\\.20\\.1",
    "metadata-version" : "10.20.1",
    "tested-versions" : [
      "10.20.1"
    ]
  },
  {
    "module" : "org.flywaydb:flyway-core",
    "default-for" : "10\\.20\\.0",
    "metadata-version" : "10.20.0",
    "tested-versions" : [
      "10.20.0"
    ]
  },
  {
    "module" : "org.flywaydb:flyway-core",
    "default-for" : "10\\.(15|16|17|18|19)\\..*",
    "metadata-version" : "10.15.0",
    "tested-versions" : [
      "10.15.0"
    ]
  },
  {
    "module" : "org.flywaydb:flyway-core",
    "default-for" : "10\\.(0|1|2|3|4|5|6|7|8|9|10|11|12|13|14)\\..*",
    "metadata-version" : "10.10.0",
    "tested-versions" : [
      "10.10.0"
    ]
  },
  {
    "module" : "org.flywaydb:flyway-core",
    "default-for" : "9\\..*",
    "metadata-version" : "9.0.1",
    "tested-versions" : [
      "9.0.1"
    ]
  }
]
