[
  {
    "latest" : true,
    "module" : "org.apache.activemq:artemis-jms-client",
    "metadata-version" : "2.32.0",
    "test-version": "2.28.0",
    "tested-versions" : [
      "2.32.0"
    ]
  },
  {
    "module" : "org.apache.activemq:artemis-jms-client",
    "metadata-version" : "2.29.0",
    "test-version": "2.28.0",
    "tested-versions" : [
      "2.29.0"
    ]
  },
  {
    "module" : "org.apache.activemq:artemis-jms-client",
    "metadata-version" : "2.28.0",
    "tested-versions" : [
      "2.28.0"
    ]
  }
]
