[
  {
    "condition": {
      "typeReachable": "io.jsonwebtoken.impl.security.DefaultMacAlgorithm$1"
    },
    "name": "com.sun.crypto.provider.HmacCore$HmacSHA256",
    "methods": [
      {
        "name": "<init>",
        "parameterTypes": []
      }
    ]
  },
  {
    "condition": {
      "typeReachable": "io.jsonwebtoken.impl.security.DefaultMacAlgorithm$1"
    },
    "name": "com.sun.crypto.provider.HmacCore$HmacSHA384",
    "methods": [
      {
        "name": "<init>",
        "parameterTypes": []
      }
    ]
  },
  {
    "condition": {
      "typeReachable": "io.jsonwebtoken.impl.security.DefaultMacAlgorithm$1"
    },
    "name": "com.sun.crypto.provider.HmacCore$HmacSHA512",
    "methods": [
      {
        "name": "<init>",
        "parameterTypes": []
      }
    ]
  },
  {
    "condition": {
      "typeReachable": "io.jsonwebtoken.impl.security.JcaTemplate$KeyGeneratorFactory"
    },
    "name": "com.sun.crypto.provider.KeyGeneratorCore$HmacKG$SHA256",
    "methods": [
      {
        "name": "<init>",
        "parameterTypes": []
      }
    ]
  },
  {
    "condition": {
      "typeReachable": "io.jsonwebtoken.impl.security.JcaTemplate$KeyGeneratorFactory"
    },
    "name": "com.sun.crypto.provider.KeyGeneratorCore$HmacKG$SHA384",
    "methods": [
      {
        "name": "<init>",
        "parameterTypes": []
      }
    ]
  },
  {
    "condition": {
      "typeReachable": "io.jsonwebtoken.impl.security.JcaTemplate$KeyGeneratorFactory"
    },
    "name": "com.sun.crypto.provider.KeyGeneratorCore$HmacKG$SHA512",
    "methods": [
      {
        "name": "<init>",
        "parameterTypes": []
      }
    ]
  },
  {
    "condition": {
      "typeReachable": "io.jsonwebtoken.Jwts"
    },
    "name": "io.jsonwebtoken.impl.DefaultClaimsBuilder",
    "methods": [
      {
        "name": "<init>",
        "parameterTypes": []
      }
    ]
  },
  {
    "condition": {
      "typeReachable": "io.jsonwebtoken.Jwts"
    },
    "name": "io.jsonwebtoken.impl.DefaultJwtBuilder",
    "methods": [
      {
        "name": "<init>",
        "parameterTypes": []
      }
    ]
  },
  {
    "condition": {
      "typeReachable": "io.jsonwebtoken.Jwts"
    },
    "name": "io.jsonwebtoken.impl.DefaultJwtParserBuilder",
    "methods": [
      {
        "name": "<init>",
        "parameterTypes": []
      }
    ]
  },
  {
    "condition": {
      "typeReachable": "io.jsonwebtoken.Jwts$ZIP"
    },
    "name": "io.jsonwebtoken.impl.io.StandardCompressionAlgorithms",
    "methods": [
      {
        "name": "<init>",
        "parameterTypes": []
      }
    ]
  },
  {
    "condition": {
      "typeReachable": "io.jsonwebtoken.security.Keys"
    },
    "name": "io.jsonwebtoken.impl.security.KeysBridge"
  },
  {
    "condition": {
      "typeReachable": "io.jsonwebtoken.Jwts$ENC"
    },
    "name": "io.jsonwebtoken.impl.security.StandardEncryptionAlgorithms",
    "methods": [
      {
        "name": "<init>",
        "parameterTypes": []
      }
    ]
  },
  {
    "condition": {
      "typeReachable": "io.jsonwebtoken.Jwts$KEY"
    },
    "name": "io.jsonwebtoken.impl.security.StandardKeyAlgorithms",
    "methods": [
      {
        "name": "<init>",
        "parameterTypes": []
      }
    ]
  },
  {
    "condition": {
      "typeReachable": "io.jsonwebtoken.security.Jwks$OP"
    },
    "name": "io.jsonwebtoken.impl.security.StandardKeyOperations",
    "methods": [
      {
        "name": "<init>",
        "parameterTypes": []
      }
    ]
  },
  {
    "condition": {
      "typeReachable": "io.jsonwebtoken.Jwts$SIG"
    },
    "name": "io.jsonwebtoken.impl.security.StandardSecureDigestAlgorithms",
    "methods": [
      {
        "name": "<init>",
        "parameterTypes": []
      }
    ]
  },
  {
    "condition": {
      "typeReachable": "io.jsonwebtoken.lang.Classes"
    },
    "name": "java.io.ByteArrayInputStream",
    "fields": [
      {
        "name": "buf"
      }
    ]
  },
  {
    "condition": {
      "typeReachable": "io.jsonwebtoken.impl.security.JcaTemplate"
    },
    "name": "java.security.AlgorithmParametersSpi"
  },
  {
    "condition": {
      "typeReachable": "io.jsonwebtoken.impl.security.EcSignatureAlgorithm$1"
    },
    "name": "java.security.SecureRandomParameters"
  },
  {
    "condition": {
      "typeReachable": "io.jsonwebtoken.impl.security.Randoms"
    },
    "name": "java.security.SecureRandomParameters"
  },
  {
    "condition": {
      "typeReachable": "io.jsonwebtoken.impl.security.EcSignatureAlgorithm$1"
    },
    "name": "java.security.interfaces.ECPrivateKey"
  },
  {
    "condition": {
      "typeReachable": "io.jsonwebtoken.impl.security.EcSignatureAlgorithm$1"
    },
    "name": "java.security.interfaces.ECPublicKey"
  },
  {
    "condition": {
      "typeReachable": "io.jsonwebtoken.impl.lang.OptionalMethodInvoker"
    },
    "name": "java.security.interfaces.EdECKey",
    "methods": [
      {
        "name": "getParams",
        "parameterTypes": []
      }
    ]
  },
  {
    "condition": {
      "typeReachable": "io.jsonwebtoken.impl.security.RsaSignatureAlgorithm$1"
    },
    "name": "java.security.interfaces.RSAPrivateKey"
  },
  {
    "condition": {
      "typeReachable": "io.jsonwebtoken.impl.security.RsaSignatureAlgorithm$1"
    },
    "name": "java.security.interfaces.RSAPublicKey"
  },
  {
    "condition": {
      "typeReachable": "io.jsonwebtoken.impl.lang.OptionalMethodInvoker"
    },
    "name": "java.security.interfaces.XECKey",
    "methods": [
      {
        "name": "getParams",
        "parameterTypes": []
      }
    ]
  },
  {
    "condition": {
      "typeReachable": "io.jsonwebtoken.impl.lang.OptionalMethodInvoker"
    },
    "name": "java.security.spec.NamedParameterSpec",
    "methods": [
      {
        "name": "getName",
        "parameterTypes": []
      }
    ]
  },
  {
    "condition": {
      "typeReachable": "io.jsonwebtoken.lang.Classes"
    },
    "name": "org.json.JSONString"
  },
  {
    "condition": {
      "typeReachable": "io.jsonwebtoken.orgjson.io.OrgJsonSerializer"
    },
    "name": "org.json.JSONString"
  },
  {
    "condition": {
      "typeReachable": "io.jsonwebtoken.impl.security.EcSignatureAlgorithm$1"
    },
    "name": "sun.security.provider.NativePRNG",
    "methods": [
      {
        "name": "<init>",
        "parameterTypes": []
      },
      {
        "name": "<init>",
        "parameterTypes": [
          "java.security.SecureRandomParameters"
        ]
      }
    ]
  },
  {
    "condition": {
      "typeReachable": "io.jsonwebtoken.impl.security.Randoms"
    },
    "name": "sun.security.provider.NativePRNG",
    "methods": [
      {
        "name": "<init>",
        "parameterTypes": []
      },
      {
        "name": "<init>",
        "parameterTypes": [
          "java.security.SecureRandomParameters"
        ]
      }
    ]
  },
  {
    "condition": {
      "typeReachable": "io.jsonwebtoken.impl.security.DefaultMacAlgorithm$1"
    },
    "name": "sun.security.provider.SHA2$SHA256",
    "methods": [
      {
        "name": "<init>",
        "parameterTypes": []
      }
    ]
  },
  {
    "condition": {
      "typeReachable": "io.jsonwebtoken.impl.security.EcSignatureAlgorithm$1"
    },
    "name": "sun.security.provider.SHA2$SHA256",
    "methods": [
      {
        "name": "<init>",
        "parameterTypes": []
      }
    ]
  },
  {
    "condition": {
      "typeReachable": "io.jsonwebtoken.impl.security.EcSignatureAlgorithm$2"
    },
    "name": "sun.security.provider.SHA2$SHA256",
    "methods": [
      {
        "name": "<init>",
        "parameterTypes": []
      }
    ]
  },
  {
    "condition": {
      "typeReachable": "io.jsonwebtoken.impl.security.JcaTemplate$MessageDigestFactory"
    },
    "name": "sun.security.provider.SHA2$SHA256",
    "methods": [
      {
        "name": "<init>",
        "parameterTypes": []
      }
    ]
  },
  {
    "condition": {
      "typeReachable": "io.jsonwebtoken.impl.security.JcaTemplate$SignatureFactory"
    },
    "name": "sun.security.provider.SHA2$SHA256",
    "methods": [
      {
        "name": "<init>",
        "parameterTypes": []
      }
    ]
  },
  {
    "condition": {
      "typeReachable": "io.jsonwebtoken.impl.security.RsaSignatureAlgorithm$1"
    },
    "name": "sun.security.provider.SHA2$SHA256",
    "methods": [
      {
        "name": "<init>",
        "parameterTypes": []
      }
    ]
  },
  {
    "condition": {
      "typeReachable": "io.jsonwebtoken.impl.security.RsaSignatureAlgorithm$2"
    },
    "name": "sun.security.provider.SHA2$SHA256",
    "methods": [
      {
        "name": "<init>",
        "parameterTypes": []
      }
    ]
  },
  {
    "condition": {
      "typeReachable": "io.jsonwebtoken.impl.security.DefaultMacAlgorithm$1"
    },
    "name": "sun.security.provider.SHA5$SHA384",
    "methods": [
      {
        "name": "<init>",
        "parameterTypes": []
      }
    ]
  },
  {
    "condition": {
      "typeReachable": "io.jsonwebtoken.impl.security.EcSignatureAlgorithm$1"
    },
    "name": "sun.security.provider.SHA5$SHA384",
    "methods": [
      {
        "name": "<init>",
        "parameterTypes": []
      }
    ]
  },
  {
    "condition": {
      "typeReachable": "io.jsonwebtoken.impl.security.EcSignatureAlgorithm$2"
    },
    "name": "sun.security.provider.SHA5$SHA384",
    "methods": [
      {
        "name": "<init>",
        "parameterTypes": []
      }
    ]
  },
  {
    "condition": {
      "typeReachable": "io.jsonwebtoken.impl.security.JcaTemplate$SignatureFactory"
    },
    "name": "sun.security.provider.SHA5$SHA384",
    "methods": [
      {
        "name": "<init>",
        "parameterTypes": []
      }
    ]
  },
  {
    "condition": {
      "typeReachable": "io.jsonwebtoken.impl.security.RsaSignatureAlgorithm$1"
    },
    "name": "sun.security.provider.SHA5$SHA384",
    "methods": [
      {
        "name": "<init>",
        "parameterTypes": []
      }
    ]
  },
  {
    "condition": {
      "typeReachable": "io.jsonwebtoken.impl.security.KeysBridge"
    },
    "name": "sun.security.util.KeyUtil",
    "methods": [
      {
        "name": "getKeySize",
        "parameterTypes": [
          "java.security.Key"
        ]
      }
    ]
  }
]
