[
  {
    "module" : "org.mariadb.jdbc:mariadb-java-client",
    "metadata-version" : "3.0.6",
    "tested-versions" : [
      "3.0.6",
      "3.0.7",
      "3.0.8",
      "3.0.9",
      "3.0.10",
      "3.0.11",
      "3.1.0",
      "3.1.1",
      "3.1.2",
      "3.1.3",
      "3.1.4",
      "3.2.0",
      "3.3.0",
      "3.3.1",
      "3.3.2",
      "3.3.3",
      "3.3.4",
      "3.4.0",
      "3.4.1",
      "3.4.2",
      "3.5.0",
      "3.5.1"
    ]
  },
  {
    "latest" : true,
    "module" : "org.mariadb.jdbc:mariadb-java-client",
    "metadata-version" : "3.5.2",
    "tested-versions" : [
      "3.5.2",
      "3.5.3",
      "3.5.4",
      "3.5.5",
      "3.5.6"
    ]
  }
]
