{
  "resources":{
  "includes":[{
    "condition": {
      "typeReachable": "com.itextpdf.io.font.AdobeGlyphList"
    },
    "pattern":"\\Qcom/itextpdf/io/font/AdobeGlyphList.txt\\E"
  }, {
    "condition": {
      "typeReachable": "com.itextpdf.io.font.Type1Font"
    },
    "pattern":"\\Qcom/itextpdf/io/font/afm/Courier.afm\\E"
  }, {
    "condition": {
      "typeReachable": "com.itextpdf.io.font.Type1Font"
    },
    "pattern":"\\Qcom/itextpdf/io/font/afm/Courier-Bold.afm\\E"
  }, {
    "condition": {
      "typeReachable": "com.itextpdf.io.font.Type1Font"
    },
    "pattern":"\\Qcom/itextpdf/io/font/afm/Courier-BoldOblique.afm\\E"
  }, {
    "condition": {
      "typeReachable": "com.itextpdf.io.font.Type1Font"
    },
    "pattern":"\\Qcom/itextpdf/io/font/afm/Courier-Oblique.afm\\E"
  }, {
    "condition": {
      "typeReachable": "com.itextpdf.io.font.Type1Font"
    },
    "pattern":"\\Qcom/itextpdf/io/font/afm/Helvetica.afm\\E"
  }, {
    "condition": {
      "typeReachable": "com.itextpdf.io.font.Type1Font"
    },
    "pattern":"\\Qcom/itextpdf/io/font/afm/Helvetica-Bold.afm\\E"
  }, {
    "condition": {
      "typeReachable": "com.itextpdf.io.font.Type1Font"
    },
    "pattern":"\\Qcom/itextpdf/io/font/afm/Helvetica-BoldOblique.afm\\E"
  }, {
    "condition": {
      "typeReachable": "com.itextpdf.io.font.Type1Font"
    },
    "pattern":"\\Qcom/itextpdf/io/font/afm/Helvetica-Oblique.afm\\E"
  }, {
    "condition": {
      "typeReachable": "com.itextpdf.io.font.Type1Font"
    },
    "pattern":"\\Qcom/itextpdf/io/font/afm/Symbol.afm\\E"
  }, {
    "condition": {
      "typeReachable": "com.itextpdf.io.font.Type1Font"
    },
    "pattern":"\\Qcom/itextpdf/io/font/afm/Times-Bold.afm\\E"
  }, {
    "condition": {
      "typeReachable": "com.itextpdf.io.font.Type1Font"
    },
    "pattern":"\\Qcom/itextpdf/io/font/afm/Times-BoldItalic.afm\\E"
  }, {
    "condition": {
      "typeReachable": "com.itextpdf.io.font.Type1Font"
    },
    "pattern":"\\Qcom/itextpdf/io/font/afm/Times-Italic.afm\\E"
  }, {
    "condition": {
      "typeReachable": "com.itextpdf.io.font.Type1Font"
    },
    "pattern":"\\Qcom/itextpdf/io/font/afm/Times-Roman.afm\\E"
  }, {
    "condition": {
      "typeReachable": "com.itextpdf.io.font.Type1Font"
    },
    "pattern":"\\Qcom/itextpdf/io/font/afm/ZapfDingbats.afm\\E"
  }, {
    "condition": {
      "typeReachable": "com.itextpdf.io.font.CjkResourceLoader"
    },
    "pattern":"\\Qcom/itextpdf/io/font/cmap/78-EUC-H\\E"
  }, {
    "condition": {
      "typeReachable": "com.itextpdf.io.font.CjkResourceLoader"
    },
    "pattern":"\\Qcom/itextpdf/io/font/cmap/78-EUC-V\\E"
  }, {
    "condition": {
      "typeReachable": "com.itextpdf.io.font.CjkResourceLoader"
    },
    "pattern":"\\Qcom/itextpdf/io/font/cmap/78-H\\E"
  }, {
    "condition": {
      "typeReachable": "com.itextpdf.io.font.CjkResourceLoader"
    },
    "pattern":"\\Qcom/itextpdf/io/font/cmap/78-RKSJ-H\\E"
  }, {
    "condition": {
      "typeReachable": "com.itextpdf.io.font.CjkResourceLoader"
    },
    "pattern":"\\Qcom/itextpdf/io/font/cmap/78-RKSJ-V\\E"
  }, {
    "condition": {
      "typeReachable": "com.itextpdf.io.font.CjkResourceLoader"
    },
    "pattern":"\\Qcom/itextpdf/io/font/cmap/78-V\\E"
  }, {
    "condition": {
      "typeReachable": "com.itextpdf.io.font.CjkResourceLoader"
    },
    "pattern":"\\Qcom/itextpdf/io/font/cmap/78ms-RKSJ-H\\E"
  }, {
    "condition": {
      "typeReachable": "com.itextpdf.io.font.CjkResourceLoader"
    },
    "pattern":"\\Qcom/itextpdf/io/font/cmap/78ms-RKSJ-V\\E"
  }, {
    "condition": {
      "typeReachable": "com.itextpdf.io.font.CjkResourceLoader"
    },
    "pattern":"\\Qcom/itextpdf/io/font/cmap/83pv-RKSJ-H\\E"
  }, {
    "condition": {
      "typeReachable": "com.itextpdf.io.font.CjkResourceLoader"
    },
    "pattern":"\\Qcom/itextpdf/io/font/cmap/90ms-RKSJ-H\\E"
  }, {
    "condition": {
      "typeReachable": "com.itextpdf.io.font.CjkResourceLoader"
    },
    "pattern":"\\Qcom/itextpdf/io/font/cmap/90ms-RKSJ-V\\E"
  }, {
    "condition": {
      "typeReachable": "com.itextpdf.io.font.CjkResourceLoader"
    },
    "pattern":"\\Qcom/itextpdf/io/font/cmap/90msp-RKSJ-H\\E"
  }, {
    "condition": {
      "typeReachable": "com.itextpdf.io.font.CjkResourceLoader"
    },
    "pattern":"\\Qcom/itextpdf/io/font/cmap/90msp-RKSJ-V\\E"
  }, {
    "condition": {
      "typeReachable": "com.itextpdf.io.font.CjkResourceLoader"
    },
    "pattern":"\\Qcom/itextpdf/io/font/cmap/90pv-RKSJ-H\\E"
  }, {
    "condition": {
      "typeReachable": "com.itextpdf.io.font.CjkResourceLoader"
    },
    "pattern":"\\Qcom/itextpdf/io/font/cmap/90pv-RKSJ-V\\E"
  }, {
    "condition": {
      "typeReachable": "com.itextpdf.io.font.CjkResourceLoader"
    },
    "pattern":"\\Qcom/itextpdf/io/font/cmap/Add-H\\E"
  }, {
    "condition": {
      "typeReachable": "com.itextpdf.io.font.CjkResourceLoader"
    },
    "pattern":"\\Qcom/itextpdf/io/font/cmap/Add-RKSJ-H\\E"
  }, {
    "condition": {
      "typeReachable": "com.itextpdf.io.font.CjkResourceLoader"
    },
    "pattern":"\\Qcom/itextpdf/io/font/cmap/Add-RKSJ-V\\E"
  }, {
    "condition": {
      "typeReachable": "com.itextpdf.io.font.CjkResourceLoader"
    },
    "pattern":"\\Qcom/itextpdf/io/font/cmap/Add-V\\E"
  }, {
    "condition": {
      "typeReachable": "com.itextpdf.io.font.CjkResourceLoader"
    },
    "pattern":"\\Qcom/itextpdf/io/font/cmap/Adobe-CNS1-0\\E"
  }, {
    "condition": {
      "typeReachable": "com.itextpdf.io.font.CjkResourceLoader"
    },
    "pattern":"\\Qcom/itextpdf/io/font/cmap/Adobe-CNS1-1\\E"
  }, {
    "condition": {
      "typeReachable": "com.itextpdf.io.font.CjkResourceLoader"
    },
    "pattern":"\\Qcom/itextpdf/io/font/cmap/Adobe-CNS1-2\\E"
  }, {
    "condition": {
      "typeReachable": "com.itextpdf.io.font.CjkResourceLoader"
    },
    "pattern":"\\Qcom/itextpdf/io/font/cmap/Adobe-CNS1-3\\E"
  }, {
    "condition": {
      "typeReachable": "com.itextpdf.io.font.CjkResourceLoader"
    },
    "pattern":"\\Qcom/itextpdf/io/font/cmap/Adobe-CNS1-4\\E"
  }, {
    "condition": {
      "typeReachable": "com.itextpdf.io.font.CjkResourceLoader"
    },
    "pattern":"\\Qcom/itextpdf/io/font/cmap/Adobe-CNS1-5\\E"
  }, {
    "condition": {
      "typeReachable": "com.itextpdf.io.font.CjkResourceLoader"
    },
    "pattern":"\\Qcom/itextpdf/io/font/cmap/Adobe-CNS1-6\\E"
  }, {
    "condition": {
      "typeReachable": "com.itextpdf.io.font.CjkResourceLoader"
    },
    "pattern":"\\Qcom/itextpdf/io/font/cmap/Adobe-CNS1-7\\E"
  }, {
    "condition": {
      "typeReachable": "com.itextpdf.io.font.CjkResourceLoader"
    },
    "pattern":"\\Qcom/itextpdf/io/font/cmap/Adobe-GB1-0\\E"
  }, {
    "condition": {
      "typeReachable": "com.itextpdf.io.font.CjkResourceLoader"
    },
    "pattern":"\\Qcom/itextpdf/io/font/cmap/Adobe-GB1-1\\E"
  }, {
    "condition": {
      "typeReachable": "com.itextpdf.io.font.CjkResourceLoader"
    },
    "pattern":"\\Qcom/itextpdf/io/font/cmap/Adobe-GB1-2\\E"
  }, {
    "condition": {
      "typeReachable": "com.itextpdf.io.font.CjkResourceLoader"
    },
    "pattern":"\\Qcom/itextpdf/io/font/cmap/Adobe-GB1-3\\E"
  }, {
    "condition": {
      "typeReachable": "com.itextpdf.io.font.CjkResourceLoader"
    },
    "pattern":"\\Qcom/itextpdf/io/font/cmap/Adobe-GB1-4\\E"
  }, {
    "condition": {
      "typeReachable": "com.itextpdf.io.font.CjkResourceLoader"
    },
    "pattern":"\\Qcom/itextpdf/io/font/cmap/Adobe-GB1-5\\E"
  }, {
    "condition": {
      "typeReachable": "com.itextpdf.io.font.CjkResourceLoader"
    },
    "pattern":"\\Qcom/itextpdf/io/font/cmap/Adobe-Japan1-0\\E"
  }, {
    "condition": {
      "typeReachable": "com.itextpdf.io.font.CjkResourceLoader"
    },
    "pattern":"\\Qcom/itextpdf/io/font/cmap/Adobe-Japan1-1\\E"
  }, {
    "condition": {
      "typeReachable": "com.itextpdf.io.font.CjkResourceLoader"
    },
    "pattern":"\\Qcom/itextpdf/io/font/cmap/Adobe-Japan1-2\\E"
  }, {
    "condition": {
      "typeReachable": "com.itextpdf.io.font.CjkResourceLoader"
    },
    "pattern":"\\Qcom/itextpdf/io/font/cmap/Adobe-Japan1-3\\E"
  }, {
    "condition": {
      "typeReachable": "com.itextpdf.io.font.CjkResourceLoader"
    },
    "pattern":"\\Qcom/itextpdf/io/font/cmap/Adobe-Japan1-4\\E"
  }, {
    "condition": {
      "typeReachable": "com.itextpdf.io.font.CjkResourceLoader"
    },
    "pattern":"\\Qcom/itextpdf/io/font/cmap/Adobe-Japan1-5\\E"
  }, {
    "condition": {
      "typeReachable": "com.itextpdf.io.font.CjkResourceLoader"
    },
    "pattern":"\\Qcom/itextpdf/io/font/cmap/Adobe-Japan1-6\\E"
  }, {
    "condition": {
      "typeReachable": "com.itextpdf.io.font.CjkResourceLoader"
    },
    "pattern":"\\Qcom/itextpdf/io/font/cmap/Adobe-Japan1-7\\E"
  }, {
    "condition": {
      "typeReachable": "com.itextpdf.io.font.CjkResourceLoader"
    },
    "pattern":"\\Qcom/itextpdf/io/font/cmap/Adobe-Korea1-0\\E"
  }, {
    "condition": {
      "typeReachable": "com.itextpdf.io.font.CjkResourceLoader"
    },
    "pattern":"\\Qcom/itextpdf/io/font/cmap/Adobe-Korea1-1\\E"
  }, {
    "condition": {
      "typeReachable": "com.itextpdf.io.font.CjkResourceLoader"
    },
    "pattern":"\\Qcom/itextpdf/io/font/cmap/Adobe-Korea1-2\\E"
  }, {
    "condition": {
      "typeReachable": "com.itextpdf.io.font.CjkResourceLoader"
    },
    "pattern":"\\Qcom/itextpdf/io/font/cmap/Adobe-KR-0\\E"
  }, {
    "condition": {
      "typeReachable": "com.itextpdf.io.font.CjkResourceLoader"
    },
    "pattern":"\\Qcom/itextpdf/io/font/cmap/Adobe-KR-1\\E"
  }, {
    "condition": {
      "typeReachable": "com.itextpdf.io.font.CjkResourceLoader"
    },
    "pattern":"\\Qcom/itextpdf/io/font/cmap/Adobe-KR-2\\E"
  }, {
    "condition": {
      "typeReachable": "com.itextpdf.io.font.CjkResourceLoader"
    },
    "pattern":"\\Qcom/itextpdf/io/font/cmap/Adobe-KR-3\\E"
  }, {
    "condition": {
      "typeReachable": "com.itextpdf.io.font.CjkResourceLoader"
    },
    "pattern":"\\Qcom/itextpdf/io/font/cmap/Adobe-KR-4\\E"
  }, {
    "condition": {
      "typeReachable": "com.itextpdf.io.font.CjkResourceLoader"
    },
    "pattern":"\\Qcom/itextpdf/io/font/cmap/Adobe-KR-5\\E"
  }, {
    "condition": {
      "typeReachable": "com.itextpdf.io.font.CjkResourceLoader"
    },
    "pattern":"\\Qcom/itextpdf/io/font/cmap/Adobe-KR-6\\E"
  }, {
    "condition": {
      "typeReachable": "com.itextpdf.io.font.CjkResourceLoader"
    },
    "pattern":"\\Qcom/itextpdf/io/font/cmap/Adobe-KR-7\\E"
  }, {
    "condition": {
      "typeReachable": "com.itextpdf.io.font.CjkResourceLoader"
    },
    "pattern":"\\Qcom/itextpdf/io/font/cmap/Adobe-KR-8\\E"
  }, {
    "condition": {
      "typeReachable": "com.itextpdf.io.font.CjkResourceLoader"
    },
    "pattern":"\\Qcom/itextpdf/io/font/cmap/Adobe-KR-9\\E"
  }, {
    "condition": {
      "typeReachable": "com.itextpdf.io.font.CjkResourceLoader"
    },
    "pattern":"\\Qcom/itextpdf/io/font/cmap/B5-H\\E"
  }, {
    "condition": {
      "typeReachable": "com.itextpdf.io.font.CjkResourceLoader"
    },
    "pattern":"\\Qcom/itextpdf/io/font/cmap/B5-V\\E"
  }, {
    "condition": {
      "typeReachable": "com.itextpdf.io.font.CjkResourceLoader"
    },
    "pattern":"\\Qcom/itextpdf/io/font/cmap/B5pc-H\\E"
  }, {
    "condition": {
      "typeReachable": "com.itextpdf.io.font.CjkResourceLoader"
    },
    "pattern":"\\Qcom/itextpdf/io/font/cmap/B5pc-V\\E"
  }, {
    "condition": {
      "typeReachable": "com.itextpdf.io.font.CjkResourceLoader"
    },
    "pattern":"\\Qcom/itextpdf/io/font/cmap/CNS1-H\\E"
  }, {
    "condition": {
      "typeReachable": "com.itextpdf.io.font.CjkResourceLoader"
    },
    "pattern":"\\Qcom/itextpdf/io/font/cmap/CNS1-V\\E"
  }, {
    "condition": {
      "typeReachable": "com.itextpdf.io.font.CjkResourceLoader"
    },
    "pattern":"\\Qcom/itextpdf/io/font/cmap/CNS2-H\\E"
  }, {
    "condition": {
      "typeReachable": "com.itextpdf.io.font.CjkResourceLoader"
    },
    "pattern":"\\Qcom/itextpdf/io/font/cmap/CNS2-V\\E"
  }, {
    "condition": {
      "typeReachable": "com.itextpdf.io.font.CjkResourceLoader"
    },
    "pattern":"\\Qcom/itextpdf/io/font/cmap/CNS-EUC-H\\E"
  }, {
    "condition": {
      "typeReachable": "com.itextpdf.io.font.CjkResourceLoader"
    },
    "pattern":"\\Qcom/itextpdf/io/font/cmap/CNS-EUC-V\\E"
  }, {
    "condition": {
      "typeReachable": "com.itextpdf.io.font.CjkResourceLoader"
    },
    "pattern":"\\Qcom/itextpdf/io/font/cmap/ETen-B5-H\\E"
  }, {
    "condition": {
      "typeReachable": "com.itextpdf.io.font.CjkResourceLoader"
    },
    "pattern":"\\Qcom/itextpdf/io/font/cmap/ETen-B5-V\\E"
  }, {
    "condition": {
      "typeReachable": "com.itextpdf.io.font.CjkResourceLoader"
    },
    "pattern":"\\Qcom/itextpdf/io/font/cmap/ETenms-B5-H\\E"
  }, {
    "condition": {
      "typeReachable": "com.itextpdf.io.font.CjkResourceLoader"
    },
    "pattern":"\\Qcom/itextpdf/io/font/cmap/ETenms-B5-V\\E"
  }, {
    "condition": {
      "typeReachable": "com.itextpdf.io.font.CjkResourceLoader"
    },
    "pattern":"\\Qcom/itextpdf/io/font/cmap/ETHK-B5-H\\E"
  }, {
    "condition": {
      "typeReachable": "com.itextpdf.io.font.CjkResourceLoader"
    },
    "pattern":"\\Qcom/itextpdf/io/font/cmap/ETHK-B5-V\\E"
  }, {
    "condition": {
      "typeReachable": "com.itextpdf.io.font.CjkResourceLoader"
    },
    "pattern":"\\Qcom/itextpdf/io/font/cmap/EUC-H\\E"
  }, {
    "condition": {
      "typeReachable": "com.itextpdf.io.font.CjkResourceLoader"
    },
    "pattern":"\\Qcom/itextpdf/io/font/cmap/EUC-V\\E"
  }, {
    "condition": {
      "typeReachable": "com.itextpdf.io.font.CjkResourceLoader"
    },
    "pattern":"\\Qcom/itextpdf/io/font/cmap/Ext-H\\E"
  }, {
    "condition": {
      "typeReachable": "com.itextpdf.io.font.CjkResourceLoader"
    },
    "pattern":"\\Qcom/itextpdf/io/font/cmap/Ext-RKSJ-H\\E"
  }, {
    "condition": {
      "typeReachable": "com.itextpdf.io.font.CjkResourceLoader"
    },
    "pattern":"\\Qcom/itextpdf/io/font/cmap/Ext-RKSJ-V\\E"
  }, {
    "condition": {
      "typeReachable": "com.itextpdf.io.font.CjkResourceLoader"
    },
    "pattern":"\\Qcom/itextpdf/io/font/cmap/Ext-V\\E"
  }, {
    "condition": {
      "typeReachable": "com.itextpdf.io.font.CjkResourceLoader"
    },
    "pattern":"\\Qcom/itextpdf/io/font/cmap/GB-EUC-H\\E"
  }, {
    "condition": {
      "typeReachable": "com.itextpdf.io.font.CjkResourceLoader"
    },
    "pattern":"\\Qcom/itextpdf/io/font/cmap/GB-EUC-V\\E"
  }, {
    "condition": {
      "typeReachable": "com.itextpdf.io.font.CjkResourceLoader"
    },
    "pattern":"\\Qcom/itextpdf/io/font/cmap/GB-H\\E"
  }, {
    "condition": {
      "typeReachable": "com.itextpdf.io.font.CjkResourceLoader"
    },
    "pattern":"\\Qcom/itextpdf/io/font/cmap/GB-V\\E"
  }, {
    "condition": {
      "typeReachable": "com.itextpdf.io.font.CjkResourceLoader"
    },
    "pattern":"\\Qcom/itextpdf/io/font/cmap/GBK2K-H\\E"
  }, {
    "condition": {
      "typeReachable": "com.itextpdf.io.font.CjkResourceLoader"
    },
    "pattern":"\\Qcom/itextpdf/io/font/cmap/GBK2K-V\\E"
  }, {
    "condition": {
      "typeReachable": "com.itextpdf.io.font.CjkResourceLoader"
    },
    "pattern":"\\Qcom/itextpdf/io/font/cmap/GBK-EUC-H\\E"
  }, {
    "condition": {
      "typeReachable": "com.itextpdf.io.font.CjkResourceLoader"
    },
    "pattern":"\\Qcom/itextpdf/io/font/cmap/GBK-EUC-V\\E"
  }, {
    "condition": {
      "typeReachable": "com.itextpdf.io.font.CjkResourceLoader"
    },
    "pattern":"\\Qcom/itextpdf/io/font/cmap/GBKp-EUC-H\\E"
  }, {
    "condition": {
      "typeReachable": "com.itextpdf.io.font.CjkResourceLoader"
    },
    "pattern":"\\Qcom/itextpdf/io/font/cmap/GBKp-EUC-V\\E"
  }, {
    "condition": {
      "typeReachable": "com.itextpdf.io.font.CjkResourceLoader"
    },
    "pattern":"\\Qcom/itextpdf/io/font/cmap/GBpc-EUC-H\\E"
  }, {
    "condition": {
      "typeReachable": "com.itextpdf.io.font.CjkResourceLoader"
    },
    "pattern":"\\Qcom/itextpdf/io/font/cmap/GBpc-EUC-V\\E"
  }, {
    "condition": {
      "typeReachable": "com.itextpdf.io.font.CjkResourceLoader"
    },
    "pattern":"\\Qcom/itextpdf/io/font/cmap/GBT-EUC-H\\E"
  }, {
    "condition": {
      "typeReachable": "com.itextpdf.io.font.CjkResourceLoader"
    },
    "pattern":"\\Qcom/itextpdf/io/font/cmap/GBT-EUC-V\\E"
  }, {
    "condition": {
      "typeReachable": "com.itextpdf.io.font.CjkResourceLoader"
    },
    "pattern":"\\Qcom/itextpdf/io/font/cmap/GBT-H\\E"
  }, {
    "condition": {
      "typeReachable": "com.itextpdf.io.font.CjkResourceLoader"
    },
    "pattern":"\\Qcom/itextpdf/io/font/cmap/GBT-V\\E"
  }, {
    "condition": {
      "typeReachable": "com.itextpdf.io.font.CjkResourceLoader"
    },
    "pattern":"\\Qcom/itextpdf/io/font/cmap/GBTpc-EUC-H\\E"
  }, {
    "condition": {
      "typeReachable": "com.itextpdf.io.font.CjkResourceLoader"
    },
    "pattern":"\\Qcom/itextpdf/io/font/cmap/GBTpc-EUC-V\\E"
  }, {
    "condition": {
      "typeReachable": "com.itextpdf.io.font.CjkResourceLoader"
    },
    "pattern":"\\Qcom/itextpdf/io/font/cmap/H\\E"
  }, {
    "condition": {
      "typeReachable": "com.itextpdf.io.font.CjkResourceLoader"
    },
    "pattern":"\\Qcom/itextpdf/io/font/cmap/Hankaku\\E"
  }, {
    "condition": {
      "typeReachable": "com.itextpdf.io.font.CjkResourceLoader"
    },
    "pattern":"\\Qcom/itextpdf/io/font/cmap/Hiragana\\E"
  }, {
    "condition": {
      "typeReachable": "com.itextpdf.io.font.CjkResourceLoader"
    },
    "pattern":"\\Qcom/itextpdf/io/font/cmap/HKdla-B5-H\\E"
  }, {
    "condition": {
      "typeReachable": "com.itextpdf.io.font.CjkResourceLoader"
    },
    "pattern":"\\Qcom/itextpdf/io/font/cmap/HKdla-B5-V\\E"
  }, {
    "condition": {
      "typeReachable": "com.itextpdf.io.font.CjkResourceLoader"
    },
    "pattern":"\\Qcom/itextpdf/io/font/cmap/HKdlb-B5-H\\E"
  }, {
    "condition": {
      "typeReachable": "com.itextpdf.io.font.CjkResourceLoader"
    },
    "pattern":"\\Qcom/itextpdf/io/font/cmap/HKdlb-B5-V\\E"
  }, {
    "condition": {
      "typeReachable": "com.itextpdf.io.font.CjkResourceLoader"
    },
    "pattern":"\\Qcom/itextpdf/io/font/cmap/HKgccs-B5-H\\E"
  }, {
    "condition": {
      "typeReachable": "com.itextpdf.io.font.CjkResourceLoader"
    },
    "pattern":"\\Qcom/itextpdf/io/font/cmap/HKgccs-B5-V\\E"
  }, {
    "condition": {
      "typeReachable": "com.itextpdf.io.font.CjkResourceLoader"
    },
    "pattern":"\\Qcom/itextpdf/io/font/cmap/HKm314-B5-H\\E"
  }, {
    "condition": {
      "typeReachable": "com.itextpdf.io.font.CjkResourceLoader"
    },
    "pattern":"\\Qcom/itextpdf/io/font/cmap/HKm314-B5-V\\E"
  }, {
    "condition": {
      "typeReachable": "com.itextpdf.io.font.CjkResourceLoader"
    },
    "pattern":"\\Qcom/itextpdf/io/font/cmap/HKm471-B5-H\\E"
  }, {
    "condition": {
      "typeReachable": "com.itextpdf.io.font.CjkResourceLoader"
    },
    "pattern":"\\Qcom/itextpdf/io/font/cmap/HKm471-B5-V\\E"
  }, {
    "condition": {
      "typeReachable": "com.itextpdf.io.font.CjkResourceLoader"
    },
    "pattern":"\\Qcom/itextpdf/io/font/cmap/HKscs-B5-H\\E"
  }, {
    "condition": {
      "typeReachable": "com.itextpdf.io.font.CjkResourceLoader"
    },
    "pattern":"\\Qcom/itextpdf/io/font/cmap/HKscs-B5-V\\E"
  }, {
    "condition": {
      "typeReachable": "com.itextpdf.io.font.CjkResourceLoader"
    },
    "pattern":"\\Qcom/itextpdf/io/font/cmap/Identity-H\\E"
  }, {
    "condition": {
      "typeReachable": "com.itextpdf.io.font.CjkResourceLoader"
    },
    "pattern":"\\Qcom/itextpdf/io/font/cmap/Identity-V\\E"
  }, {
    "condition": {
      "typeReachable": "com.itextpdf.io.font.CjkResourceLoader"
    },
    "pattern":"\\Qcom/itextpdf/io/font/cmap/Katakana\\E"
  }, {
    "condition": {
      "typeReachable": "com.itextpdf.io.font.CjkResourceLoader"
    },
    "pattern":"\\Qcom/itextpdf/io/font/cmap/KSC-EUC-H\\E"
  }, {
    "condition": {
      "typeReachable": "com.itextpdf.io.font.CjkResourceLoader"
    },
    "pattern":"\\Qcom/itextpdf/io/font/cmap/KSC-EUC-V\\E"
  }, {
    "condition": {
      "typeReachable": "com.itextpdf.io.font.CjkResourceLoader"
    },
    "pattern":"\\Qcom/itextpdf/io/font/cmap/KSC-H\\E"
  }, {
    "condition": {
      "typeReachable": "com.itextpdf.io.font.CjkResourceLoader"
    },
    "pattern":"\\Qcom/itextpdf/io/font/cmap/KSC-Johab-H\\E"
  }, {
    "condition": {
      "typeReachable": "com.itextpdf.io.font.CjkResourceLoader"
    },
    "pattern":"\\Qcom/itextpdf/io/font/cmap/KSC-Johab-V\\E"
  }, {
    "condition": {
      "typeReachable": "com.itextpdf.io.font.CjkResourceLoader"
    },
    "pattern":"\\Qcom/itextpdf/io/font/cmap/KSC-V\\E"
  }, {
    "condition": {
      "typeReachable": "com.itextpdf.io.font.CjkResourceLoader"
    },
    "pattern":"\\Qcom/itextpdf/io/font/cmap/KSCms-UHC-H\\E"
  }, {
    "condition": {
      "typeReachable": "com.itextpdf.io.font.CjkResourceLoader"
    },
    "pattern":"\\Qcom/itextpdf/io/font/cmap/KSCms-UHC-HW-H\\E"
  }, {
    "condition": {
      "typeReachable": "com.itextpdf.io.font.CjkResourceLoader"
    },
    "pattern":"\\Qcom/itextpdf/io/font/cmap/KSCms-UHC-HW-V\\E"
  }, {
    "condition": {
      "typeReachable": "com.itextpdf.io.font.CjkResourceLoader"
    },
    "pattern":"\\Qcom/itextpdf/io/font/cmap/KSCms-UHC-V\\E"
  }, {
    "condition": {
      "typeReachable": "com.itextpdf.io.font.CjkResourceLoader"
    },
    "pattern":"\\Qcom/itextpdf/io/font/cmap/KSCpc-EUC-H\\E"
  }, {
    "condition": {
      "typeReachable": "com.itextpdf.io.font.CjkResourceLoader"
    },
    "pattern":"\\Qcom/itextpdf/io/font/cmap/KSCpc-EUC-V\\E"
  }, {
    "condition": {
      "typeReachable": "com.itextpdf.io.font.CjkResourceLoader"
    },
    "pattern":"\\Qcom/itextpdf/io/font/cmap/NWP-H\\E"
  }, {
    "condition": {
      "typeReachable": "com.itextpdf.io.font.CjkResourceLoader"
    },
    "pattern":"\\Qcom/itextpdf/io/font/cmap/NWP-V\\E"
  }, {
    "condition": {
      "typeReachable": "com.itextpdf.io.font.CjkResourceLoader"
    },
    "pattern":"\\Qcom/itextpdf/io/font/cmap/RKSJ-H\\E"
  }, {
    "condition": {
      "typeReachable": "com.itextpdf.io.font.CjkResourceLoader"
    },
    "pattern":"\\Qcom/itextpdf/io/font/cmap/RKSJ-V\\E"
  }, {
    "condition": {
      "typeReachable": "com.itextpdf.io.font.CjkResourceLoader"
    },
    "pattern":"\\Qcom/itextpdf/io/font/cmap/Roman\\E"
  }, {
    "condition": {
      "typeReachable": "com.itextpdf.io.font.CjkResourceLoader"
    },
    "pattern":"\\Qcom/itextpdf/io/font/cmap/UniAKR-UTF8-H\\E"
  }, {
    "condition": {
      "typeReachable": "com.itextpdf.io.font.CjkResourceLoader"
    },
    "pattern":"\\Qcom/itextpdf/io/font/cmap/UniAKR-UTF16-H\\E"
  }, {
    "condition": {
      "typeReachable": "com.itextpdf.io.font.CjkResourceLoader"
    },
    "pattern":"\\Qcom/itextpdf/io/font/cmap/UniAKR-UTF32-H\\E"
  }, {
    "condition": {
      "typeReachable": "com.itextpdf.io.font.CjkResourceLoader"
    },
    "pattern":"\\Qcom/itextpdf/io/font/cmap/UniCNS-UCS2-H\\E"
  }, {
    "condition": {
      "typeReachable": "com.itextpdf.io.font.CjkResourceLoader"
    },
    "pattern":"\\Qcom/itextpdf/io/font/cmap/UniCNS-UCS2-V\\E"
  }, {
    "condition": {
      "typeReachable": "com.itextpdf.io.font.CjkResourceLoader"
    },
    "pattern":"\\Qcom/itextpdf/io/font/cmap/UniCNS-UTF8-H\\E"
  }, {
    "condition": {
      "typeReachable": "com.itextpdf.io.font.CjkResourceLoader"
    },
    "pattern":"\\Qcom/itextpdf/io/font/cmap/UniCNS-UTF8-V\\E"
  }, {
    "condition": {
      "typeReachable": "com.itextpdf.io.font.CjkResourceLoader"
    },
    "pattern":"\\Qcom/itextpdf/io/font/cmap/UniCNS-UTF16-H\\E"
  }, {
    "condition": {
      "typeReachable": "com.itextpdf.io.font.CjkResourceLoader"
    },
    "pattern":"\\Qcom/itextpdf/io/font/cmap/UniCNS-UTF16-V\\E"
  }, {
    "condition": {
      "typeReachable": "com.itextpdf.io.font.CjkResourceLoader"
    },
    "pattern":"\\Qcom/itextpdf/io/font/cmap/UniCNS-UTF32-H\\E"
  }, {
    "condition": {
      "typeReachable": "com.itextpdf.io.font.CjkResourceLoader"
    },
    "pattern":"\\Qcom/itextpdf/io/font/cmap/UniCNS-UTF32-V\\E"
  }, {
    "condition": {
      "typeReachable": "com.itextpdf.io.font.CjkResourceLoader"
    },
    "pattern":"\\Qcom/itextpdf/io/font/cmap/UniGB-UCS2-H\\E"
  }, {
    "condition": {
      "typeReachable": "com.itextpdf.io.font.CjkResourceLoader"
    },
    "pattern":"\\Qcom/itextpdf/io/font/cmap/UniGB-UCS2-V\\E"
  }, {
    "condition": {
      "typeReachable": "com.itextpdf.io.font.CjkResourceLoader"
    },
    "pattern":"\\Qcom/itextpdf/io/font/cmap/UniGB-UTF8-H\\E"
  }, {
    "condition": {
      "typeReachable": "com.itextpdf.io.font.CjkResourceLoader"
    },
    "pattern":"\\Qcom/itextpdf/io/font/cmap/UniGB-UTF8-V\\E"
  }, {
    "condition": {
      "typeReachable": "com.itextpdf.io.font.CjkResourceLoader"
    },
    "pattern":"\\Qcom/itextpdf/io/font/cmap/UniGB-UTF16-H\\E"
  }, {
    "condition": {
      "typeReachable": "com.itextpdf.io.font.CjkResourceLoader"
    },
    "pattern":"\\Qcom/itextpdf/io/font/cmap/UniGB-UTF16-V\\E"
  }, {
    "condition": {
      "typeReachable": "com.itextpdf.io.font.CjkResourceLoader"
    },
    "pattern":"\\Qcom/itextpdf/io/font/cmap/UniGB-UTF32-H\\E"
  }, {
    "condition": {
      "typeReachable": "com.itextpdf.io.font.CjkResourceLoader"
    },
    "pattern":"\\Qcom/itextpdf/io/font/cmap/UniGB-UTF32-V\\E"
  }, {
    "condition": {
      "typeReachable": "com.itextpdf.io.font.CjkResourceLoader"
    },
    "pattern":"\\Qcom/itextpdf/io/font/cmap/UniJIS2004-UTF8-H\\E"
  }, {
    "condition": {
      "typeReachable": "com.itextpdf.io.font.CjkResourceLoader"
    },
    "pattern":"\\Qcom/itextpdf/io/font/cmap/UniJIS2004-UTF8-V\\E"
  }, {
    "condition": {
      "typeReachable": "com.itextpdf.io.font.CjkResourceLoader"
    },
    "pattern":"\\Qcom/itextpdf/io/font/cmap/UniJIS2004-UTF16-H\\E"
  }, {
    "condition": {
      "typeReachable": "com.itextpdf.io.font.CjkResourceLoader"
    },
    "pattern":"\\Qcom/itextpdf/io/font/cmap/UniJIS2004-UTF16-V\\E"
  }, {
    "condition": {
      "typeReachable": "com.itextpdf.io.font.CjkResourceLoader"
    },
    "pattern":"\\Qcom/itextpdf/io/font/cmap/UniJIS2004-UTF32-H\\E"
  }, {
    "condition": {
      "typeReachable": "com.itextpdf.io.font.CjkResourceLoader"
    },
    "pattern":"\\Qcom/itextpdf/io/font/cmap/UniJIS2004-UTF32-V\\E"
  }, {
    "condition": {
      "typeReachable": "com.itextpdf.io.font.CjkResourceLoader"
    },
    "pattern":"\\Qcom/itextpdf/io/font/cmap/UniJIS-UCS2-H\\E"
  }, {
    "condition": {
      "typeReachable": "com.itextpdf.io.font.CjkResourceLoader"
    },
    "pattern":"\\Qcom/itextpdf/io/font/cmap/UniJIS-UCS2-HW-H\\E"
  }, {
    "condition": {
      "typeReachable": "com.itextpdf.io.font.CjkResourceLoader"
    },
    "pattern":"\\Qcom/itextpdf/io/font/cmap/UniJIS-UCS2-HW-V\\E"
  }, {
    "condition": {
      "typeReachable": "com.itextpdf.io.font.CjkResourceLoader"
    },
    "pattern":"\\Qcom/itextpdf/io/font/cmap/UniJIS-UCS2-V\\E"
  }, {
    "condition": {
      "typeReachable": "com.itextpdf.io.font.CjkResourceLoader"
    },
    "pattern":"\\Qcom/itextpdf/io/font/cmap/UniJIS-UTF8-H\\E"
  }, {
    "condition": {
      "typeReachable": "com.itextpdf.io.font.CjkResourceLoader"
    },
    "pattern":"\\Qcom/itextpdf/io/font/cmap/UniJIS-UTF8-V\\E"
  }, {
    "condition": {
      "typeReachable": "com.itextpdf.io.font.CjkResourceLoader"
    },
    "pattern":"\\Qcom/itextpdf/io/font/cmap/UniJIS-UTF16-H\\E"
  }, {
    "condition": {
      "typeReachable": "com.itextpdf.io.font.CjkResourceLoader"
    },
    "pattern":"\\Qcom/itextpdf/io/font/cmap/UniJIS-UTF16-V\\E"
  }, {
    "condition": {
      "typeReachable": "com.itextpdf.io.font.CjkResourceLoader"
    },
    "pattern":"\\Qcom/itextpdf/io/font/cmap/UniJIS-UTF32-H\\E"
  }, {
    "condition": {
      "typeReachable": "com.itextpdf.io.font.CjkResourceLoader"
    },
    "pattern":"\\Qcom/itextpdf/io/font/cmap/UniJIS-UTF32-V\\E"
  }, {
    "condition": {
      "typeReachable": "com.itextpdf.io.font.CjkResourceLoader"
    },
    "pattern":"\\Qcom/itextpdf/io/font/cmap/UniJISPro-UCS2-HW-V\\E"
  }, {
    "condition": {
      "typeReachable": "com.itextpdf.io.font.CjkResourceLoader"
    },
    "pattern":"\\Qcom/itextpdf/io/font/cmap/UniJISPro-UCS2-V\\E"
  }, {
    "condition": {
      "typeReachable": "com.itextpdf.io.font.CjkResourceLoader"
    },
    "pattern":"\\Qcom/itextpdf/io/font/cmap/UniJISPro-UTF8-V\\E"
  }, {
    "condition": {
      "typeReachable": "com.itextpdf.io.font.CjkResourceLoader"
    },
    "pattern":"\\Qcom/itextpdf/io/font/cmap/UniJISX0213-UTF32-H\\E"
  }, {
    "condition": {
      "typeReachable": "com.itextpdf.io.font.CjkResourceLoader"
    },
    "pattern":"\\Qcom/itextpdf/io/font/cmap/UniJISX0213-UTF32-V\\E"
  }, {
    "condition": {
      "typeReachable": "com.itextpdf.io.font.CjkResourceLoader"
    },
    "pattern":"\\Qcom/itextpdf/io/font/cmap/UniJISX02132004-UTF32-H\\E"
  }, {
    "condition": {
      "typeReachable": "com.itextpdf.io.font.CjkResourceLoader"
    },
    "pattern":"\\Qcom/itextpdf/io/font/cmap/UniJISX02132004-UTF32-V\\E"
  }, {
    "condition": {
      "typeReachable": "com.itextpdf.io.font.CjkResourceLoader"
    },
    "pattern":"\\Qcom/itextpdf/io/font/cmap/UniKS-UCS2-H\\E"
  }, {
    "condition": {
      "typeReachable": "com.itextpdf.io.font.CjkResourceLoader"
    },
    "pattern":"\\Qcom/itextpdf/io/font/cmap/UniKS-UCS2-V\\E"
  }, {
    "condition": {
      "typeReachable": "com.itextpdf.io.font.CjkResourceLoader"
    },
    "pattern":"\\Qcom/itextpdf/io/font/cmap/UniKS-UTF8-H\\E"
  }, {
    "condition": {
      "typeReachable": "com.itextpdf.io.font.CjkResourceLoader"
    },
    "pattern":"\\Qcom/itextpdf/io/font/cmap/UniKS-UTF8-V\\E"
  }, {
    "condition": {
      "typeReachable": "com.itextpdf.io.font.CjkResourceLoader"
    },
    "pattern":"\\Qcom/itextpdf/io/font/cmap/UniKS-UTF16-H\\E"
  }, {
    "condition": {
      "typeReachable": "com.itextpdf.io.font.CjkResourceLoader"
    },
    "pattern":"\\Qcom/itextpdf/io/font/cmap/UniKS-UTF16-V\\E"
  }, {
    "condition": {
      "typeReachable": "com.itextpdf.io.font.CjkResourceLoader"
    },
    "pattern":"\\Qcom/itextpdf/io/font/cmap/UniKS-UTF32-H\\E"
  }, {
    "condition": {
      "typeReachable": "com.itextpdf.io.font.CjkResourceLoader"
    },
    "pattern":"\\Qcom/itextpdf/io/font/cmap/UniKS-UTF32-V\\E"
  }, {
    "condition": {
      "typeReachable": "com.itextpdf.io.font.CjkResourceLoader"
    },
    "pattern":"\\Qcom/itextpdf/io/font/cmap/V\\E"
  }, {
    "condition": {
      "typeReachable": "com.itextpdf.io.font.CjkResourceLoader"
    },
    "pattern":"\\Qcom/itextpdf/io/font/cmap/WP-Symbol\\E"
  }, {
    "condition": {
      "typeReachable": "com.itextpdf.io.font.CjkResourceLoader"
    },
    "pattern":"\\Qcom/itextpdf/io/font/cmap/toUnicode/Adobe-CNS1-UCS2\\E"
  }, {
    "condition": {
      "typeReachable": "com.itextpdf.io.font.CjkResourceLoader"
    },
    "pattern":"\\Qcom/itextpdf/io/font/cmap/toUnicode/Adobe-GB1-UCS2\\E"
  }, {
    "condition": {
      "typeReachable": "com.itextpdf.io.font.CjkResourceLoader"
    },
    "pattern":"\\Qcom/itextpdf/io/font/cmap/toUnicode/Adobe-Japan1-UCS2\\E"
  }, {
    "condition": {
      "typeReachable": "com.itextpdf.io.font.CjkResourceLoader"
    },
    "pattern":"\\Qcom/itextpdf/io/font/cmap/toUnicode/Adobe-Korea1-UCS2\\E"
  }, {
    "condition": {
      "typeReachable": "com.itextpdf.io.font.CjkResourceLoader"
    },
    "pattern":"\\Qcom/itextpdf/io/font/cmap/toUnicode/Adobe-KR-UCS2\\E"
  }, {
    "condition": {
      "typeReachable": "com.itextpdf.io.font.CjkResourceLoader"
    },
    "pattern":"\\Qcom/itextpdf/io/font/cmap/cjk_registry.properties\\E"
  }, {
    "condition": {
      "typeReachable": "com.itextpdf.io.font.CjkResourceLoader"
    },
    "pattern":"\\Qcom/itextpdf/io/font/cmap/HeiseiKakuGo-W5.properties\\E"
  }, {
    "condition": {
      "typeReachable": "com.itextpdf.io.font.CjkResourceLoader"
    },
    "pattern":"\\Qcom/itextpdf/io/font/cmap/HeiseiMin-W3.properties\\E"
  }, {
    "condition": {
      "typeReachable": "com.itextpdf.io.font.CjkResourceLoader"
    },
    "pattern":"\\Qcom/itextpdf/io/font/cmap/HYGoThic-Medium.properties\\E"
  }, {
    "condition": {
      "typeReachable": "com.itextpdf.io.font.CjkResourceLoader"
    },
    "pattern":"\\Qcom/itextpdf/io/font/cmap/HYSMyeongJo-Medium.properties\\E"
  }, {
    "condition": {
      "typeReachable": "com.itextpdf.io.font.CjkResourceLoader"
    },
    "pattern":"\\Qcom/itextpdf/io/font/cmap/HYSMyeongJoStd-Medium.properties\\E"
  }, {
    "condition": {
      "typeReachable": "com.itextpdf.io.font.CjkResourceLoader"
    },
    "pattern":"\\Qcom/itextpdf/io/font/cmap/KozMinPro-Regular.properties\\E"
  }, {
    "condition": {
      "typeReachable": "com.itextpdf.io.font.CjkResourceLoader"
    },
    "pattern":"\\Qcom/itextpdf/io/font/cmap/MHei-Medium.properties\\E"
  }, {
    "condition": {
      "typeReachable": "com.itextpdf.io.font.CjkResourceLoader"
    },
    "pattern":"\\Qcom/itextpdf/io/font/cmap/MSung-Light.properties\\E"
  }, {
    "condition": {
      "typeReachable": "com.itextpdf.io.font.CjkResourceLoader"
    },
    "pattern":"\\Qcom/itextpdf/io/font/cmap/MSungStd-Light.properties\\E"
  }, {
    "condition": {
      "typeReachable": "com.itextpdf.io.font.CjkResourceLoader"
    },
    "pattern":"\\Qcom/itextpdf/io/font/cmap/STSong-Light.properties\\E"
  }, {
    "condition": {
      "typeReachable": "com.itextpdf.io.font.CjkResourceLoader"
    },
    "pattern":"\\Qcom/itextpdf/io/font/cmap/STSongStd-Light.properties\\E"
  }]}
}
