[
{
  "condition":{"typeReachable":"com.zaxxer.hikari.util.ConcurrentBag"},
  "name":"[Lcom.zaxxer.hikari.util.ConcurrentBag$IConcurrentBagEntry;"
},
{
  "condition":{"typeReachable":"com.zaxxer.hikari.pool.PoolEntry"},
  "name":"[Ljava.sql.Statement;"
},
{
  "condition":{"typeReachable":"com.zaxxer.hikari.HikariConfig"},
  "name":"com.zaxxer.hikari.HikariConfig",
  "allDeclaredFields":true
},
{
  "condition":{"typeReachable":"com.zaxxer.hikari.pool.HikariPool$HouseKeeper"},
  "name":"com.zaxxer.hikari.pool.PoolBase",
  "fields":[{"name":"catalog"}]
},
{
  "condition":{"typeReachable":"com.zaxxer.hikari.pool.PoolEntry"},
  "name":"com.zaxxer.hikari.pool.PoolEntry",
  "fields":[{"name":"state"}]
},
{
  "condition":{"typeReachable":"com.zaxxer.hikari.HikariConfig"},
  "name":"com.zaxxer.hikaricp.test.driver.CustomDriver",
  "methods":[{"name":"<init>","parameterTypes":[] }]
},
{
  "condition":{"typeReachable":"com.zaxxer.hikari.util.DriverDataSource"},
  "name":"com.zaxxer.hikaricp.test.driver.CustomDriver",
  "methods":[{"name":"<init>","parameterTypes":[] }]
}
]