[
{
  "condition":{"typeReachable":"com.hazelcast.internal.metrics.impl.MetricsService"},
  "name":"[Lcom.sun.management.internal.DiagnosticCommandArgumentInfo;"
},
{
  "condition":{"typeReachable":"com.hazelcast.internal.metrics.impl.MetricsService"},
  "name":"[Lcom.sun.management.internal.DiagnosticCommandInfo;"
},
{
  "condition":{"typeReachable":"com.hazelcast.internal.util.JVMUtil"},
  "name":"com.sun.management.VMOption$Origin",
  "fields":[{"name":"ATTACH_ON_DEMAND"}, {"name":"CONFIG_FILE"}, {"name":"DEFAULT"}, {"name":"ENVIRON_VAR"}, {"name":"ERGONOMIC"}, {"name":"MANAGEMENT"}, {"name":"OTHER"}, {"name":"VM_CREATION"}]
},
{
  "condition":{"typeReachable":"com.hazelcast.internal.metrics.impl.MetricsService"},
  "name":"com.sun.management.internal.DiagnosticCommandArgumentInfo",
  "methods":[{"name":"<init>","parameterTypes":["java.lang.String","java.lang.String","java.lang.String","java.lang.String","boolean","boolean","boolean","int"] }]
},
{
  "condition":{"typeReachable":"com.hazelcast.internal.metrics.impl.MetricsService"},
  "name":"com.sun.management.internal.DiagnosticCommandInfo",
  "methods":[{"name":"<init>","parameterTypes":["java.lang.String","java.lang.String","java.lang.String","java.lang.String","java.lang.String","java.lang.String","boolean","java.util.List"] }]
},
{
  "condition":{"typeReachable":"com.hazelcast.internal.util.JVMUtil"},
  "name":"com.sun.management.internal.Flag",
  "methods":[{"name":"<init>","parameterTypes":["java.lang.String","java.lang.Object","boolean","boolean","com.sun.management.VMOption$Origin"] }]
},
{
  "condition":{"typeReachable":"com.hazelcast.internal.util.JVMUtil"},
  "name":"java.lang.Boolean",
  "methods":[{"name":"<init>","parameterTypes":["boolean"] }]
},
{
  "condition":{"typeReachable":"com.hazelcast.core.Hazelcast"},
  "name":"java.lang.String",
  "methods":[{"name":"lastIndexOf","parameterTypes":["int"] }, {"name":"substring","parameterTypes":["int"] }]
},
{
  "condition":{"typeReachable":"com.hazelcast.core.Hazelcast"},
  "name":"java.lang.System",
  "methods":[{"name":"getProperty","parameterTypes":["java.lang.String"] }, {"name":"setProperty","parameterTypes":["java.lang.String","java.lang.String"] }]
},
{
  "condition":{"typeReachable":"com.hazelcast.internal.metrics.impl.MetricsService"},
  "name":"java.util.Arrays",
  "methods":[{"name":"asList","parameterTypes":["java.lang.Object[]"] }]
},
{
  "condition":{"typeReachable":"com.hazelcast.spi.impl.NodeEngineImpl"},
  "name":"sun.management.VMManagementImpl",
  "fields":[{"name":"compTimeMonitoringSupport"}, {"name":"currentThreadCpuTimeSupport"}, {"name":"objectMonitorUsageSupport"}, {"name":"otherThreadCpuTimeSupport"}, {"name":"remoteDiagnosticCommandsSupport"}, {"name":"synchronizerUsageSupport"}, {"name":"threadAllocatedMemorySupport"}, {"name":"threadContentionMonitoringSupport"}]
}
]