{
  "resources":{
  "includes":[{
    "condition":{"typeReachable":"com.hazelcast.internal.serialization.impl.DataSerializableSerializer"},
    "pattern":"\\QMETA-INF/services/com.hazelcast.DataSerializerHook\\E"
  }, {
    "condition":{"typeReachable":"com.hazelcast.internal.serialization.impl.VersionedDataSerializableSerializer"},
    "pattern":"\\QMETA-INF/services/com.hazelcast.DataSerializerHook\\E"
  }, {
    "condition":{"typeReachable":"com.hazelcast.map.impl.EECompatMapDataSerializerHook"},
    "pattern":"\\QMETA-INF/services/com.hazelcast.DataSerializerHook\\E"
  }, {
    "condition":{"typeReachable":"com.hazelcast.internal.serialization.impl.portable.PortableHookLoader"},
    "pattern":"\\QMETA-INF/services/com.hazelcast.PortableHook\\E"
  }, {
    "condition":{"typeReachable":"com.hazelcast.internal.serialization.impl.SerializerHookLoader"},
    "pattern":"\\QMETA-INF/services/com.hazelcast.SerializerHook\\E"
  }, {
    "condition":{"typeReachable":"com.hazelcast.client.impl.clientside.HazelcastClientInstanceImpl"},
    "pattern":"\\QMETA-INF/services/com.hazelcast.client.impl.ClientExtension\\E"
  }, {
    "condition":{"typeReachable":"com.hazelcast.client.impl.CompositeMessageTaskFactory"},
    "pattern":"\\QMETA-INF/services/com.hazelcast.client.impl.protocol.MessageTaskFactoryProvider\\E"
  }, {
    "condition":{"typeReachable":"com.hazelcast.dataconnection.impl.DataConnectionServiceImpl"},
    "pattern":"\\QMETA-INF/services/com.hazelcast.dataconnection.DataConnectionRegistration\\E"
  }, {
    "condition":{"typeReachable":"com.hazelcast.instance.impl.DuplicatedResourcesScanner"},
    "pattern":"\\QMETA-INF/services/com.hazelcast.instance.impl.NodeExtension\\E"
  }, {
    "condition":{"typeReachable":"com.hazelcast.instance.impl.NodeExtensionFactory"},
    "pattern":"\\QMETA-INF/services/com.hazelcast.instance.impl.NodeExtension\\E"
  }, {
    "condition":{"typeReachable":"com.hazelcast.internal.util.phonehome.PhoneHome"},
    "pattern":"\\QMETA-INF/services/com.hazelcast.internal.util.phonehome.MetricsProvider\\E"
  }, {
    "condition":{"typeReachable":"com.hazelcast.spi.discovery.impl.DefaultDiscoveryService"},
    "pattern":"\\QMETA-INF/services/com.hazelcast.spi.discovery.DiscoveryStrategyFactory\\E"
  }, {
    "condition":{"typeReachable":"com.hazelcast.spi.impl.servicemanager.impl.ServiceManagerImpl"},
    "pattern":"\\QMETA-INF/services/com.hazelcast.spi.impl.servicemanager.ServiceDescriptorProvider\\E"
  }, {
    "condition":{"typeReachable":"com.hazelcast.internal.util.phonehome.BuildInfoProvider"},
    "pattern":"\\Qhazelcast-download.properties\\E"
  }, {
    "condition":{"typeReachable":"com.hazelcast.internal.util.phonehome.PhoneHome"},
    "pattern":"java.base:\\Qjdk/internal/icu/impl/data/icudt67b/nfc.nrm\\E"
  }, {
    "condition":{"typeReachable":"com.hazelcast.internal.util.phonehome.PhoneHome"},
    "pattern":"java.base:\\Qjdk/internal/icu/impl/data/icudt67b/nfkc.nrm\\E"
  }, {
    "condition":{"typeReachable":"com.hazelcast.internal.util.phonehome.PhoneHome"},
    "pattern":"java.base:\\Qjdk/internal/icu/impl/data/icudt67b/uprops.icu\\E"
  }, {
    "condition":{"typeReachable":"com.hazelcast.internal.util.phonehome.PhoneHome"},
    "pattern":"java.base:\\Qsun/net/idn/uidna.spp\\E"
  }]},
  "bundles":[]
}