[
  {
    "condition": {
      "typeReachable": "org.eclipse.jetty.ee10.webapp.StandardDescriptorProcessor"
    },
    "name": "[Ljava.lang.String;"
  },
  {
    "condition": {
      "typeReachable": "org.eclipse.jetty.xml.BaseClassCatalog$CatalogReader"
    },
    "name": "com.sun.org.apache.xerces.internal.jaxp.DocumentBuilderFactoryImpl",
    "methods": [
      {
        "name": "<init>",
        "parameterTypes": []
      }
    ]
  },
  {
    "condition": {
      "typeReachable": "org.eclipse.jetty.xml.XmlParser"
    },
    "name": "com.sun.org.apache.xerces.internal.jaxp.SAXParserFactoryImpl",
    "methods": [
      {
        "name": "<init>",
        "parameterTypes": []
      }
    ]
  },
  {
    "condition": {
      "typeReachable": "org.eclipse.jetty.util.security.SecurityUtils"
    },
    "name": "java.lang.System",
    "methods": [
      {
        "name": "getSecurityManager",
        "parameterTypes": []
      }
    ]
  },
  {
    "condition": {
      "typeReachable": "org.eclipse.jetty.util.VirtualThreads"
    },
    "name": "java.lang.Thread",
    "methods": [
      {
        "name": "isVirtual",
        "parameterTypes": []
      }
    ]
  },
  {
    "condition": {
      "typeReachable": "org.eclipse.jetty.util.statistic.SampleStatistic"
    },
    "name": "java.lang.Thread",
    "fields": [
      {
        "name": "threadLocalRandomProbe"
      }
    ]
  },
  {
    "condition": {
      "typeReachable": "org.eclipse.jetty.util.Uptime$DefaultImpl"
    },
    "name": "java.lang.management.ManagementFactory",
    "methods": [
      {
        "name": "getRuntimeMXBean",
        "parameterTypes": []
      }
    ]
  },
  {
    "condition": {
      "typeReachable": "org.eclipse.jetty.util.Uptime$DefaultImpl"
    },
    "name": "java.lang.management.RuntimeMXBean",
    "methods": [
      {
        "name": "getUptime",
        "parameterTypes": []
      }
    ]
  },
  {
    "condition": {
      "typeReachable": "org.eclipse.jetty.util.security.SecurityUtils"
    },
    "name": "java.security.AccessController",
    "methods": [
      {
        "name": "doPrivileged",
        "parameterTypes": [
          "java.security.PrivilegedAction"
        ]
      }
    ]
  },
  {
    "condition": {
      "typeReachable": "org.eclipse.jetty.session.DefaultSessionIdManager"
    },
    "name": "java.security.SecureRandomParameters"
  },
  {
    "condition": {
      "typeReachable": "org.eclipse.jetty.util.VirtualThreads"
    },
    "name": "java.util.concurrent.Executors",
    "methods": [
      {
        "name": "newVirtualThreadPerTaskExecutor",
        "parameterTypes": []
      }
    ]
  },
  {
    "condition": {
      "typeReachable": "org.eclipse.jetty.util.statistic.SampleStatistic"
    },
    "name": "java.util.concurrent.atomic.Striped64",
    "fields": [
      {
        "name": "base"
      },
      {
        "name": "cellsBusy"
      }
    ]
  },
  {
    "condition": {
      "typeReachable": "org.eclipse.jetty.util.security.SecurityUtils"
    },
    "name": "javax.security.auth.Subject",
    "methods": [
      {
        "name": "doAs",
        "parameterTypes": [
          "javax.security.auth.Subject",
          "java.security.PrivilegedAction"
        ]
      }
    ]
  },
  {
    "condition": {
      "typeReachable": "org.eclipse.jetty.ee10.servlet.ServletHolder"
    },
    "name": "jetty.HelloWorldServlet",
    "methods": [
      {
        "name": "<init>",
        "parameterTypes": []
      }
    ]
  },
  {
    "condition": {
      "typeReachable": "org.eclipse.jetty.ee10.servlet.ServletHolder"
    },
    "name": "org.eclipse.jetty.ee10.servlet.DefaultServlet",
    "methods": [
      {
        "name": "<init>",
        "parameterTypes": []
      }
    ]
  },
  {
    "condition": {
      "typeReachable": "org.eclipse.jetty.ee10.servlet.ServletHolder"
    },
    "name": "org.eclipse.jetty.ee10.servlet.NoJspServlet",
    "methods": [
      {
        "name": "<init>",
        "parameterTypes": []
      }
    ]
  },
  {
    "condition": {
      "typeReachable": "org.eclipse.jetty.ee10.servlet.ListenerHolder"
    },
    "name": "org.eclipse.jetty.ee10.servlet.listener.IntrospectorCleaner",
    "methods": [
      {
        "name": "<init>",
        "parameterTypes": []
      }
    ]
  },
  {
    "condition": {
      "typeReachable": "org.eclipse.jetty.ee10.servlet.ServletContextHandler"
    },
    "name": "org.eclipse.jetty.ee10.servlet.security.ConstraintSecurityHandler",
    "methods": [
      {
        "name": "<init>",
        "parameterTypes": []
      }
    ]
  },
  {
    "condition": {
      "typeReachable": "org.eclipse.jetty.ee10.webapp.ServletsConfiguration"
    },
    "name": "org.eclipse.jetty.ee10.servlets.PushCacheFilter"
  },
  {
    "condition": {
      "typeReachable": "org.eclipse.jetty.util.IncludeExcludeSet"
    },
    "name": "org.eclipse.jetty.ee10.webapp.ClassMatcher$ByLocationOrModule",
    "methods": [
      {
        "name": "<init>",
        "parameterTypes": []
      }
    ]
  },
  {
    "condition": {
      "typeReachable": "org.eclipse.jetty.util.IncludeExcludeSet"
    },
    "name": "org.eclipse.jetty.ee10.webapp.ClassMatcher$ByPackageOrName",
    "methods": [
      {
        "name": "<init>",
        "parameterTypes": []
      }
    ]
  },
  {
    "condition": {
      "typeReachable": "org.eclipse.jetty.ee10.webapp.IterativeDescriptorProcessor"
    },
    "name": "org.eclipse.jetty.ee10.webapp.StandardDescriptorProcessor",
    "methods": [
      {
        "name": "visitListener",
        "parameterTypes": [
          "org.eclipse.jetty.ee10.webapp.WebAppContext",
          "org.eclipse.jetty.ee10.webapp.Descriptor",
          "org.eclipse.jetty.xml.XmlParser$Node"
        ]
      },
      {
        "name": "visitLocaleEncodingList",
        "parameterTypes": [
          "org.eclipse.jetty.ee10.webapp.WebAppContext",
          "org.eclipse.jetty.ee10.webapp.Descriptor",
          "org.eclipse.jetty.xml.XmlParser$Node"
        ]
      },
      {
        "name": "visitSecurityConstraint",
        "parameterTypes": [
          "org.eclipse.jetty.ee10.webapp.WebAppContext",
          "org.eclipse.jetty.ee10.webapp.Descriptor",
          "org.eclipse.jetty.xml.XmlParser$Node"
        ]
      },
      {
        "name": "visitServlet",
        "parameterTypes": [
          "org.eclipse.jetty.ee10.webapp.WebAppContext",
          "org.eclipse.jetty.ee10.webapp.Descriptor",
          "org.eclipse.jetty.xml.XmlParser$Node"
        ]
      },
      {
        "name": "visitServletMapping",
        "parameterTypes": [
          "org.eclipse.jetty.ee10.webapp.WebAppContext",
          "org.eclipse.jetty.ee10.webapp.Descriptor",
          "org.eclipse.jetty.xml.XmlParser$Node"
        ]
      },
      {
        "name": "visitSessionConfig",
        "parameterTypes": [
          "org.eclipse.jetty.ee10.webapp.WebAppContext",
          "org.eclipse.jetty.ee10.webapp.Descriptor",
          "org.eclipse.jetty.xml.XmlParser$Node"
        ]
      },
      {
        "name": "visitWelcomeFileList",
        "parameterTypes": [
          "org.eclipse.jetty.ee10.webapp.WebAppContext",
          "org.eclipse.jetty.ee10.webapp.Descriptor",
          "org.eclipse.jetty.xml.XmlParser$Node"
        ]
      }
    ]
  },
  {
    "condition": {
      "typeReachable": "org.eclipse.jetty.ee10.webapp.StandardDescriptorProcessor"
    },
    "name": "org.eclipse.jetty.ee10.webapp.StandardDescriptorProcessor",
    "methods": [
      {
        "name": "visitContextParam",
        "parameterTypes": [
          "org.eclipse.jetty.ee10.webapp.WebAppContext",
          "org.eclipse.jetty.ee10.webapp.Descriptor",
          "org.eclipse.jetty.xml.XmlParser$Node"
        ]
      },
      {
        "name": "visitDefaultContextPath",
        "parameterTypes": [
          "org.eclipse.jetty.ee10.webapp.WebAppContext",
          "org.eclipse.jetty.ee10.webapp.Descriptor",
          "org.eclipse.jetty.xml.XmlParser$Node"
        ]
      },
      {
        "name": "visitDenyUncoveredHttpMethods",
        "parameterTypes": [
          "org.eclipse.jetty.ee10.webapp.WebAppContext",
          "org.eclipse.jetty.ee10.webapp.Descriptor",
          "org.eclipse.jetty.xml.XmlParser$Node"
        ]
      },
      {
        "name": "visitDisplayName",
        "parameterTypes": [
          "org.eclipse.jetty.ee10.webapp.WebAppContext",
          "org.eclipse.jetty.ee10.webapp.Descriptor",
          "org.eclipse.jetty.xml.XmlParser$Node"
        ]
      },
      {
        "name": "visitErrorPage",
        "parameterTypes": [
          "org.eclipse.jetty.ee10.webapp.WebAppContext",
          "org.eclipse.jetty.ee10.webapp.Descriptor",
          "org.eclipse.jetty.xml.XmlParser$Node"
        ]
      },
      {
        "name": "visitFilter",
        "parameterTypes": [
          "org.eclipse.jetty.ee10.webapp.WebAppContext",
          "org.eclipse.jetty.ee10.webapp.Descriptor",
          "org.eclipse.jetty.xml.XmlParser$Node"
        ]
      },
      {
        "name": "visitFilterMapping",
        "parameterTypes": [
          "org.eclipse.jetty.ee10.webapp.WebAppContext",
          "org.eclipse.jetty.ee10.webapp.Descriptor",
          "org.eclipse.jetty.xml.XmlParser$Node"
        ]
      },
      {
        "name": "visitJspConfig",
        "parameterTypes": [
          "org.eclipse.jetty.ee10.webapp.WebAppContext",
          "org.eclipse.jetty.ee10.webapp.Descriptor",
          "org.eclipse.jetty.xml.XmlParser$Node"
        ]
      },
      {
        "name": "visitListener",
        "parameterTypes": [
          "org.eclipse.jetty.ee10.webapp.WebAppContext",
          "org.eclipse.jetty.ee10.webapp.Descriptor",
          "org.eclipse.jetty.xml.XmlParser$Node"
        ]
      },
      {
        "name": "visitLocaleEncodingList",
        "parameterTypes": [
          "org.eclipse.jetty.ee10.webapp.WebAppContext",
          "org.eclipse.jetty.ee10.webapp.Descriptor",
          "org.eclipse.jetty.xml.XmlParser$Node"
        ]
      },
      {
        "name": "visitLoginConfig",
        "parameterTypes": [
          "org.eclipse.jetty.ee10.webapp.WebAppContext",
          "org.eclipse.jetty.ee10.webapp.Descriptor",
          "org.eclipse.jetty.xml.XmlParser$Node"
        ]
      },
      {
        "name": "visitMimeMapping",
        "parameterTypes": [
          "org.eclipse.jetty.ee10.webapp.WebAppContext",
          "org.eclipse.jetty.ee10.webapp.Descriptor",
          "org.eclipse.jetty.xml.XmlParser$Node"
        ]
      },
      {
        "name": "visitRequestCharacterEncoding",
        "parameterTypes": [
          "org.eclipse.jetty.ee10.webapp.WebAppContext",
          "org.eclipse.jetty.ee10.webapp.Descriptor",
          "org.eclipse.jetty.xml.XmlParser$Node"
        ]
      },
      {
        "name": "visitResponseCharacterEncoding",
        "parameterTypes": [
          "org.eclipse.jetty.ee10.webapp.WebAppContext",
          "org.eclipse.jetty.ee10.webapp.Descriptor",
          "org.eclipse.jetty.xml.XmlParser$Node"
        ]
      },
      {
        "name": "visitSecurityConstraint",
        "parameterTypes": [
          "org.eclipse.jetty.ee10.webapp.WebAppContext",
          "org.eclipse.jetty.ee10.webapp.Descriptor",
          "org.eclipse.jetty.xml.XmlParser$Node"
        ]
      },
      {
        "name": "visitSecurityRole",
        "parameterTypes": [
          "org.eclipse.jetty.ee10.webapp.WebAppContext",
          "org.eclipse.jetty.ee10.webapp.Descriptor",
          "org.eclipse.jetty.xml.XmlParser$Node"
        ]
      },
      {
        "name": "visitServlet",
        "parameterTypes": [
          "org.eclipse.jetty.ee10.webapp.WebAppContext",
          "org.eclipse.jetty.ee10.webapp.Descriptor",
          "org.eclipse.jetty.xml.XmlParser$Node"
        ]
      },
      {
        "name": "visitServletMapping",
        "parameterTypes": [
          "org.eclipse.jetty.ee10.webapp.WebAppContext",
          "org.eclipse.jetty.ee10.webapp.Descriptor",
          "org.eclipse.jetty.xml.XmlParser$Node"
        ]
      },
      {
        "name": "visitSessionConfig",
        "parameterTypes": [
          "org.eclipse.jetty.ee10.webapp.WebAppContext",
          "org.eclipse.jetty.ee10.webapp.Descriptor",
          "org.eclipse.jetty.xml.XmlParser$Node"
        ]
      },
      {
        "name": "visitTagLib",
        "parameterTypes": [
          "org.eclipse.jetty.ee10.webapp.WebAppContext",
          "org.eclipse.jetty.ee10.webapp.Descriptor",
          "org.eclipse.jetty.xml.XmlParser$Node"
        ]
      },
      {
        "name": "visitWelcomeFileList",
        "parameterTypes": [
          "org.eclipse.jetty.ee10.webapp.WebAppContext",
          "org.eclipse.jetty.ee10.webapp.Descriptor",
          "org.eclipse.jetty.xml.XmlParser$Node"
        ]
      }
    ]
  },
  {
    "condition": {
      "typeReachable": "org.eclipse.jetty.ee10.webapp.JaasConfiguration"
    },
    "name": "org.eclipse.jetty.security.jaas.JAASLoginService"
  },
  {
    "condition": {
      "typeReachable": "org.eclipse.jetty.util.TypeUtil"
    },
    "name": "org.eclipse.jetty.util.TypeUtil",
    "methods": [
      {
        "name": "getClassLoaderLocation",
        "parameterTypes": [
          "java.lang.Class"
        ]
      },
      {
        "name": "getCodeSourceLocation",
        "parameterTypes": [
          "java.lang.Class"
        ]
      },
      {
        "name": "getModuleLocation",
        "parameterTypes": [
          "java.lang.Class"
        ]
      },
      {
        "name": "getSystemClassLoaderLocation",
        "parameterTypes": [
          "java.lang.Class"
        ]
      }
    ]
  },
  {
    "condition": {
      "typeReachable": "org.eclipse.jetty.util.security.SecurityUtils"
    },
    "name": "org.eclipse.jetty.util.security.SecurityUtils",
    "methods": [
      {
        "name": "callableToPrivilegedAction",
        "parameterTypes": [
          "java.util.concurrent.Callable"
        ]
      }
    ]
  },
  {
    "condition": {
      "typeReachable": "org.eclipse.jetty.session.DefaultSessionIdManager"
    },
    "name": "sun.security.provider.NativePRNG",
    "methods": [
      {
        "name": "<init>",
        "parameterTypes": []
      },
      {
        "name": "<init>",
        "parameterTypes": [
          "java.security.SecureRandomParameters"
        ]
      }
    ]
  },
  {
    "condition": {
      "typeReachable": "org.eclipse.jetty.server.ForwardedRequestCustomizer"
    },
    "name": "org.eclipse.jetty.server.ForwardedRequestCustomizer$Forwarded",
    "methods": [
      {
        "name": "handleRFC7239",
        "parameterTypes": [
          "org.eclipse.jetty.http.HttpField"
        ]
      },
      {
        "name": "handleForwardedHost",
        "parameterTypes": [
          "org.eclipse.jetty.http.HttpField"
        ]
      },
      {
        "name": "handleForwardedFor",
        "parameterTypes": [
          "org.eclipse.jetty.http.HttpField"
        ]
      },
      {
        "name": "handleForwardedPort",
        "parameterTypes": [
          "org.eclipse.jetty.http.HttpField"
        ]
      },
      {
        "name": "handleProto",
        "parameterTypes": [
          "org.eclipse.jetty.http.HttpField"
        ]
      },
      {
        "name": "handleHttps",
        "parameterTypes": [
          "org.eclipse.jetty.http.HttpField"
        ]
      },
      {
        "name": "handleForwardedServer",
        "parameterTypes": [
          "org.eclipse.jetty.http.HttpField"
        ]
      },
      {
        "name": "handleCipherSuite",
        "parameterTypes": [
          "org.eclipse.jetty.http.HttpField"
        ]
      },
      {
        "name": "handleSslSessionId",
        "parameterTypes": [
          "org.eclipse.jetty.http.HttpField"
        ]
      }
    ]
  }
]
