[
  {
    "latest" : true,
    "module" : "org.mockito:mockito-core",
    "metadata-version" : "5.0.0",
    "tested-versions" : [
      "5.0.0",
      "5.1.0",
      "5.1.1",
      "5.2.0",
      "5.3.0",
      "5.3.1",
      "5.4.0",
      "5.5.0",
      "5.6.0",
      "5.7.0",
      "5.8.0",
      "5.9.0",
      "5.10.0",
      "5.11.0",
      "5.12.0",
      "5.13.0",
      "5.14.0",
      "5.14.1",
      "5.14.2",
      "5.15.2",
      "5.16.0",
      "5.16.1",
      "5.17.0",
      "5.18.0",
      "5.19.0",
      "5.20.0"
    ]
  },
  {
    "module" : "org.mockito:mockito-core",
    "metadata-version" : "4.8.1",
    "tested-versions" : [
      "4.8.1",
      "4.9.0",
      "4.10.0",
      "4.11.0"
    ]
  }
]
