[
  {
    "latest" : true,
    "module" : "org.hibernate.orm:hibernate-core",
    "default-for" : "7\\.2\\..*",
    "metadata-version" : "7.2.0.Final",
    "test-version" : "7.1.0.Final",
    "tested-versions" : [
      "7.2.0.Final"
    ]
  },
  {
    "module" : "org.hibernate.orm:hibernate-core",
    "default-for" : "7\\.1\\..*",
    "metadata-version" : "7.1.0.Final",
    "tested-versions" : [
      "7.1.0.Final",
      "7.1.1.Final",
      "7.1.2.Final",
      "7.1.3.Final",
      "7.1.4.Final",
      "7.1.5.Final",
      "7.1.6.Final",
      "7.1.7.Final",
      "7.1.8.Final",
      "7.1.9.Final",
      "7.1.10.Final",
      "7.1.11.Final"
    ]
  },
  {
    "module" : "org.hibernate.orm:hibernate-core",
    "default-for" : "7\\.0\\..*",
    "metadata-version" : "7.0.0.Final",
    "tested-versions" : [
      "7.0.0.Final",
      "7.0.1.Final",
      "7.0.2.Final",
      "7.0.3.Final",
      "7.0.4.Final",
      "7.0.5.Final",
      "7.0.6.Final",
      "7.0.7.Final",
      "7.0.8.Final",
      "7.0.9.Final",
      "7.0.10.Final"
    ]
  },
  {
    "module" : "org.hibernate.orm:hibernate-core",
    "default-for" : "6\\.6\\..*",
    "metadata-version" : "6.6.0.Final",
    "tested-versions" : [
      "6.6.0.Final",
      "6.6.1.Final",
      "6.6.2.Final"
    ]
  },
  {
    "module" : "org.hibernate.orm:hibernate-core",
    "default-for" : "6\\.5\\..*",
    "metadata-version" : "6.5.0.Final",
    "tested-versions" : [
      "6.5.0.Final"
    ]
  },
  {
    "module" : "org.hibernate.orm:hibernate-core",
    "default-for" : "6\\.[2-4]\\..*",
    "metadata-version" : "6.2.0.Final",
    "tested-versions" : [
      "6.2.0.Final",
      "6.2.2.Final"
    ]
  },
  {
    "module" : "org.hibernate.orm:hibernate-core",
    "default-for" : "6\\.1\\..*",
    "metadata-version" : "6.1.1.Final",
    "tested-versions" : [
      "6.1.1.Final"
    ]
  }
]
