[
  {
    "latest" : true,
    "module" : "org.eclipse.jetty:jetty-client",
    "metadata-version" : "12.0.0",
    "tested-versions" : [
      "12.0.0",
      "12.0.1",
      "12.0.2",
      "12.0.3",
      "12.0.4",
      "12.0.5",
      "12.0.6",
      "12.0.7",
      "12.0.8",
      "12.0.9",
      "12.0.10",
      "12.0.11",
      "12.0.12",
      "12.0.13",
      "12.0.14",
      "12.0.15",
      "12.0.16",
      "12.0.17",
      "12.0.18",
      "12.0.19",
      "12.0.20",
      "12.1.0",
      "12.1.1",
      "12.1.2",
      "12.1.3",
      "12.1.4"
    ]
  },
  {
    "module" : "org.eclipse.jetty:jetty-client",
    "metadata-version" : "11.0.12",
    "tested-versions" : [
      "11.0.12",
      "11.0.13",
      "11.0.14",
      "11.0.15",
      "11.0.16",
      "11.0.17",
      "11.0.18",
      "11.0.19",
      "11.0.20",
      "11.0.21",
      "11.0.22",
      "11.0.23",
      "11.0.24",
      "12.0.0.alpha0",
      "12.0.0.alpha1",
      "12.0.0.alpha2",
      "12.0.0.alpha3"
    ]
  }
]
