[
  {
    "latest" : true,
    "module" : "org.eclipse.jetty:jetty-server",
    "metadata-version" : "12.1.3",
    "tested-versions" : [
      "12.1.3",
      "12.1.4",
      "12.1.5"
    ]
  },
  {
    "module" : "org.eclipse.jetty:jetty-server",
    "default-for" : "12\\.0\\..*",
    "metadata-version" : "12.0.1",
    "tested-versions" : [
      "12.0.1",
      "12.0.2",
      "12.0.3",
      "12.0.4",
      "12.0.5",
      "12.0.6",
      "12.0.7",
      "12.0.8",
      "12.0.9",
      "12.0.10",
      "12.0.11",
      "12.0.12",
      "12.0.13",
      "12.0.14",
      "12.0.15",
      "12.0.16"
    ]
  },
  {
    "module" : "org.eclipse.jetty:jetty-server",
    "default-for" : "11\\..*",
    "metadata-version" : "11.0.12",
    "tested-versions" : [
      "11.0.12"
    ]
  }
]
