[
{
  "condition":{"typeReachable":"org.mockito.internal.util.reflection.InstrumentationMemberAccessor"},
  "name":"com.sun.tools.attach.VirtualMachine"
},
{
  "condition":{"typeReachable":"org.mockito.internal.util.reflection.InstrumentationMemberAccessor"},
  "name":"java.lang.Class",
  "methods":[{"name":"getAnnotatedInterfaces","parameterTypes":[] }, {"name":"getAnnotatedSuperclass","parameterTypes":[] }, {"name":"getModule","parameterTypes":[] }, {"name":"getNestHost","parameterTypes":[] }, {"name":"getNestMembers","parameterTypes":[] }, {"name":"getPermittedSubclasses","parameterTypes":[] }, {"name":"getRecordComponents","parameterTypes":[] }, {"name":"isNestmateOf","parameterTypes":["java.lang.Class"] }, {"name":"isRecord","parameterTypes":[] }, {"name":"isSealed","parameterTypes":[] }]
},
{
  "condition":{"typeReachable":"org.mockito.internal.util.reflection.InstrumentationMemberAccessor"},
  "name":"java.lang.ClassLoader",
  "methods":[{"name":"getUnnamedModule","parameterTypes":[] }]
},
{
  "condition":{"typeReachable":"org.mockito.internal.util.reflection.InstrumentationMemberAccessor"},
  "name":"java.lang.Module",
  "methods":[{"name":"addExports","parameterTypes":["java.lang.String","java.lang.Module"] }, {"name":"canRead","parameterTypes":["java.lang.Module"] }, {"name":"isExported","parameterTypes":["java.lang.String"] }]
},
{
  "condition":{"typeReachable":"org.mockito.internal.debugging.Java9PlusLocationImpl$MetadataShim"},
  "name":"java.lang.Object",
  "methods":[{"name":"toString","parameterTypes":[] }]
},
{
  "condition":{"typeReachable":"org.mockito.internal.util.reflection.InstrumentationMemberAccessor"},
  "name":"java.lang.Object",
  "queryAllDeclaredMethods":true,
  "queryAllDeclaredConstructors":true,
  "methods":[{"name":"getClass","parameterTypes":[] }]
},
{
  "condition":{"typeReachable":"org.mockito.internal.util.reflection.InstrumentationMemberAccessor"},
  "name":"java.lang.ProcessHandle",
  "methods":[{"name":"current","parameterTypes":[] }, {"name":"pid","parameterTypes":[] }]
},
{
  "condition":{"typeReachable":"org.mockito.internal.util.reflection.ModuleMemberAccessor"},
  "name":"java.lang.Runtime",
  "methods":[{"name":"version","parameterTypes":[] }]
},
{
  "condition":{"typeReachable":"org.mockito.internal.util.reflection.ModuleMemberAccessor"},
  "name":"java.lang.Runtime$Version",
  "methods":[{"name":"feature","parameterTypes":[] }]
},
{
  "condition":{"typeReachable":"org.mockito.internal.debugging.Java9PlusLocationImpl"},
  "name":"java.lang.StackWalker",
  "methods":[{"name":"getInstance","parameterTypes":["java.util.Set","int"] }, {"name":"walk","parameterTypes":["java.util.function.Function"] }]
},
{
  "condition":{"typeReachable":"org.mockito.internal.debugging.LocationFactory"},
  "name":"java.lang.StackWalker"
},
{
  "condition":{"typeReachable":"org.mockito.internal.debugging.Java9PlusLocationImpl"},
  "name":"java.lang.StackWalker$Option"
},
{
  "condition":{"typeReachable":"org.mockito.internal.debugging.Java9PlusLocationImpl"},
  "name":"java.lang.StackWalker$StackFrame"
},
{
  "condition":{"typeReachable":"org.mockito.internal.debugging.Java9PlusLocationImpl$MetadataShim"},
  "name":"java.lang.StackWalker$StackFrame",
  "methods":[{"name":"getClassName","parameterTypes":[] }, {"name":"getFileName","parameterTypes":[] }, {"name":"getLineNumber","parameterTypes":[] }, {"name":"getMethodName","parameterTypes":[] }]
},
{
  "condition":{"typeReachable":"org.mockito.internal.util.reflection.InstrumentationMemberAccessor"},
  "name":"java.lang.System",
  "methods":[{"name":"getSecurityManager","parameterTypes":[] }]
},
{
  "condition":{"typeReachable":"org.mockito.internal.util.reflection.InstrumentationMemberAccessor"},
  "name":"java.lang.invoke.MethodHandle",
  "methods":[{"name":"invokeWithArguments","parameterTypes":["java.lang.Object[]"] }]
},
{
  "condition":{"typeReachable":"org.mockito.internal.util.reflection.InstrumentationMemberAccessor"},
  "name":"java.lang.invoke.MethodHandles",
  "methods":[{"name":"lookup","parameterTypes":[] }]
},
{
  "condition":{"typeReachable":"org.mockito.internal.util.reflection.InstrumentationMemberAccessor"},
  "name":"java.lang.reflect.AccessibleObject",
  "methods":[{"name":"setAccessible","parameterTypes":["boolean"] }]
},
{
  "condition":{"typeReachable":"org.mockito.internal.util.reflection.InstrumentationMemberAccessor"},
  "name":"java.lang.reflect.AnnotatedType",
  "methods":[{"name":"getType","parameterTypes":[] }]
},
{
  "condition":{"typeReachable":"org.mockito.internal.util.reflection.InstrumentationMemberAccessor"},
  "name":"java.lang.reflect.Executable",
  "methods":[{"name":"getAnnotatedParameterTypes","parameterTypes":[] }, {"name":"getAnnotatedReceiverType","parameterTypes":[] }, {"name":"getParameterCount","parameterTypes":[] }, {"name":"getParameters","parameterTypes":[] }]
},
{
  "condition":{"typeReachable":"org.mockito.internal.creation.proxy.InvokeDefaultProxy"},
  "name":"java.lang.reflect.InvocationHandler",
  "methods":[{"name":"invokeDefault","parameterTypes":["java.lang.Object","java.lang.reflect.Method","java.lang.Object[]"] }]
},
{
  "condition":{"typeReachable":"org.mockito.internal.util.reflection.InstrumentationMemberAccessor"},
  "name":"java.lang.reflect.Method",
  "methods":[{"name":"getAnnotatedReturnType","parameterTypes":[] }]
},
{
  "condition":{"typeReachable":"org.mockito.internal.util.reflection.InstrumentationMemberAccessor"},
  "name":"java.lang.reflect.Parameter",
  "methods":[{"name":"getModifiers","parameterTypes":[] }, {"name":"getName","parameterTypes":[] }, {"name":"isNamePresent","parameterTypes":[] }]
},
{
  "condition":{"typeReachable":"org.mockito.internal.util.reflection.InstrumentationMemberAccessor"},
  "name":"java.security.AccessController",
  "methods":[{"name":"doPrivileged","parameterTypes":["java.security.PrivilegedAction"] }]
},
{
  "condition":{"typeReachable":"org.mockito.internal.util.reflection.ModuleMemberAccessor"},
  "name":"java.security.AccessController"
},
{
  "condition":{"typeReachable":"org.mockito.internal.util.reflection.InstrumentationMemberAccessor"},
  "name":"java.util.concurrent.ForkJoinTask",
  "fields":[{"name":"aux"}, {"name":"status"}]
},
{
  "condition":{"typeReachable":"org.mockito.internal.util.KotlinInlineClassUtil"},
  "name":"kotlin.jvm.JvmInline"
},
{
  "condition":{"typeReachable":"org.mockito.internal.util.reflection.InstrumentationMemberAccessor"},
  "name":"net.bytebuddy.agent.Installer",
  "methods":[{"name":"getInstrumentation","parameterTypes":[] }]
},
{
  "condition":{"typeReachable":"org.mockito.internal.util.reflection.InstrumentationMemberAccessor"},
  "name":"net.bytebuddy.description.method.MethodDescription$InDefinedShape$AbstractBase$Executable",
  "queryAllPublicMethods":true
},
{
  "condition":{"typeReachable":"org.mockito.internal.util.reflection.InstrumentationMemberAccessor"},
  "name":"net.bytebuddy.description.method.ParameterDescription$ForLoadedParameter$Parameter",
  "queryAllPublicMethods":true
},
{
  "condition":{"typeReachable":"org.mockito.internal.util.reflection.InstrumentationMemberAccessor"},
  "name":"net.bytebuddy.description.method.ParameterList$ForLoadedExecutable$Executable",
  "queryAllPublicMethods":true
},
{
  "condition":{"typeReachable":"org.mockito.internal.util.reflection.InstrumentationMemberAccessor"},
  "name":"net.bytebuddy.description.type.TypeDefinition$Sort$AnnotatedType",
  "queryAllPublicMethods":true
},
{
  "condition":{"typeReachable":"org.mockito.internal.util.reflection.InstrumentationMemberAccessor"},
  "name":"net.bytebuddy.description.type.TypeDescription$ForLoadedType$Dispatcher",
  "queryAllPublicMethods":true
},
{
  "condition":{"typeReachable":"org.mockito.internal.util.reflection.InstrumentationMemberAccessor"},
  "name":"net.bytebuddy.description.type.TypeDescription$Generic$AnnotationReader$Delegator$ForLoadedExecutableParameterType$Dispatcher",
  "queryAllPublicMethods":true
},
{
  "condition":{"typeReachable":"org.mockito.internal.util.reflection.InstrumentationMemberAccessor"},
  "name":"net.bytebuddy.description.type.TypeDescription$Generic$AnnotationReader$Delegator$ForLoadedMethodReturnType$Dispatcher",
  "queryAllPublicMethods":true
},
{
  "condition":{"typeReachable":"org.mockito.internal.util.reflection.InstrumentationMemberAccessor"},
  "name":"net.bytebuddy.utility.Invoker",
  "queryAllPublicMethods":true
},
{
  "condition":{"typeReachable":"org.mockito.internal.util.reflection.InstrumentationMemberAccessor"},
  "name":"net.bytebuddy.utility.Invoker$Dispatcher",
  "methods":[{"name":"<init>","parameterTypes":[] }]
},
{
  "condition":{"typeReachable":"org.mockito.internal.configuration.ClassPathLoader"},
  "name":"org.mockito.configuration.MockitoConfiguration"
},
{
  "condition":{"typeReachable":"org.mockito.internal.configuration.plugins.DefaultMockitoPlugins"},
  "name":"org.mockito.internal.configuration.DefaultDoNotMockEnforcer",
  "methods":[{"name":"<init>","parameterTypes":[] }]
},
{
  "condition":{"typeReachable":"org.mockito.internal.configuration.plugins.DefaultMockitoPlugins"},
  "name":"org.mockito.internal.configuration.InjectingAnnotationEngine",
  "methods":[{"name":"<init>","parameterTypes":[] }]
},
{
  "condition":{"typeReachable":"org.mockito.internal.configuration.plugins.DefaultMockitoPlugins"},
  "name":"org.mockito.internal.configuration.plugins.DefaultPluginSwitch",
  "methods":[{"name":"<init>","parameterTypes":[] }]
},
{
  "condition":{"typeReachable":"org.mockito.internal.configuration.plugins.DefaultMockitoPlugins"},
  "name":"org.mockito.internal.creation.instance.DefaultInstantiatorProvider",
  "methods":[{"name":"<init>","parameterTypes":[] }]
},
{
  "condition":{"typeReachable":"org.mockito.internal.configuration.plugins.PluginInitializer"},
  "name":"org.mockito.internal.creation.proxy.ProxyMockMaker",
  "methods":[{"name":"<init>","parameterTypes":[] }]
},
{
  "condition":{"typeReachable":"org.mockito.internal.configuration.plugins.DefaultMockitoPlugins"},
  "name":"org.mockito.internal.exceptions.stacktrace.DefaultStackTraceCleanerProvider",
  "methods":[{"name":"<init>","parameterTypes":[] }]
},
{
  "condition":{"typeReachable":"org.mockito.internal.configuration.plugins.DefaultMockitoPlugins"},
  "name":"org.mockito.internal.util.ConsoleMockitoLogger",
  "methods":[{"name":"<init>","parameterTypes":[] }]
},
{
  "condition":{"typeReachable":"org.mockito.internal.util.reflection.InstrumentationMemberAccessor"},
  "name":"org.mockito.internal.util.reflection.InstrumentationMemberAccessor$Dispatcher",
  "queryAllDeclaredMethods":true,
  "queryAllDeclaredConstructors":true
},
{
  "condition":{"typeReachable":"org.mockito.internal.configuration.plugins.DefaultMockitoPlugins"},
  "name":"org.mockito.internal.util.reflection.ModuleMemberAccessor",
  "methods":[{"name":"<init>","parameterTypes":[] }]
}
]