[
{
  "condition":{"typeReachable":"org.eclipse.jetty.client.AbstractConnectorHttpClientTransport"},
  "name":"apple.security.AppleProvider",
  "methods":[{"name":"<init>","parameterTypes":[] }]
},
{
  "condition":{"typeReachable":"org.eclipse.jetty.client.AbstractConnectorHttpClientTransport"},
  "name":"com.sun.crypto.provider.AESCipher$General",
  "methods":[{"name":"<init>","parameterTypes":[] }]
},
{
  "condition":{"typeReachable":"org.eclipse.jetty.client.AbstractConnectorHttpClientTransport"},
  "name":"com.sun.crypto.provider.ARCFOURCipher",
  "methods":[{"name":"<init>","parameterTypes":[] }]
},
{
  "condition":{"typeReachable":"org.eclipse.jetty.client.AbstractConnectorHttpClientTransport"},
  "name":"com.sun.crypto.provider.ChaCha20Cipher$ChaCha20Poly1305",
  "methods":[{"name":"<init>","parameterTypes":[] }]
},
{
  "condition":{"typeReachable":"org.eclipse.jetty.client.AbstractConnectorHttpClientTransport"},
  "name":"com.sun.crypto.provider.DESCipher",
  "methods":[{"name":"<init>","parameterTypes":[] }]
},
{
  "condition":{"typeReachable":"org.eclipse.jetty.client.AbstractConnectorHttpClientTransport"},
  "name":"com.sun.crypto.provider.DESedeCipher",
  "methods":[{"name":"<init>","parameterTypes":[] }]
},
{
  "condition":{"typeReachable":"org.eclipse.jetty.client.AbstractConnectorHttpClientTransport"},
  "name":"com.sun.crypto.provider.DHParameters",
  "methods":[{"name":"<init>","parameterTypes":[] }]
},
{
  "condition":{"typeReachable":"org.eclipse.jetty.client.AbstractConnectorHttpClientTransport"},
  "name":"com.sun.crypto.provider.GaloisCounterMode$AESGCM",
  "methods":[{"name":"<init>","parameterTypes":[] }]
},
{
  "condition":{"typeReachable":"org.eclipse.jetty.client.AbstractConnectorHttpClientTransport"},
  "name":"com.sun.crypto.provider.TlsMasterSecretGenerator",
  "methods":[{"name":"<init>","parameterTypes":[] }]
},
{
  "condition":{"typeReachable":"org.eclipse.jetty.client.http.HttpReceiverOverHTTP"},
  "name":"java.lang.Boolean",
  "methods":[{"name":"valueOf","parameterTypes":["java.lang.String"] }]
},
{
  "condition":{"typeReachable":"org.eclipse.jetty.client.http.HttpReceiverOverHTTP"},
  "name":"java.lang.Byte",
  "methods":[{"name":"valueOf","parameterTypes":["java.lang.String"] }]
},
{
  "condition":{"typeReachable":"org.eclipse.jetty.client.http.HttpReceiverOverHTTP"},
  "name":"java.lang.Double",
  "methods":[{"name":"valueOf","parameterTypes":["java.lang.String"] }]
},
{
  "condition":{"typeReachable":"org.eclipse.jetty.client.http.HttpReceiverOverHTTP"},
  "name":"java.lang.Float",
  "methods":[{"name":"valueOf","parameterTypes":["java.lang.String"] }]
},
{
  "condition":{"typeReachable":"org.eclipse.jetty.client.http.HttpReceiverOverHTTP"},
  "name":"java.lang.Integer",
  "methods":[{"name":"valueOf","parameterTypes":["java.lang.String"] }]
},
{
  "condition":{"typeReachable":"org.eclipse.jetty.client.http.HttpReceiverOverHTTP"},
  "name":"java.lang.Long",
  "methods":[{"name":"valueOf","parameterTypes":["java.lang.String"] }]
},
{
  "condition":{"typeReachable":"org.eclipse.jetty.client.http.HttpReceiverOverHTTP"},
  "name":"java.lang.Short",
  "methods":[{"name":"valueOf","parameterTypes":["java.lang.String"] }]
},
{
  "condition":{"typeReachable":"org.eclipse.jetty.client.AbstractConnectorHttpClientTransport"},
  "name":"java.lang.Thread",
  "methods":[{"name":"isVirtual","parameterTypes":[] }]
},
{
  "condition":{"typeReachable":"org.eclipse.jetty.client.AbstractConnectorHttpClientTransport"},
  "name":"java.security.AlgorithmParametersSpi"
},
{
  "condition":{"typeReachable":"org.eclipse.jetty.client.AbstractConnectorHttpClientTransport"},
  "name":"java.security.KeyStoreSpi"
},
{
  "condition":{"typeReachable":"org.eclipse.jetty.client.AbstractConnectorHttpClientTransport"},
  "name":"java.security.SecureRandomParameters"
},
{
  "condition":{"typeReachable":"org.eclipse.jetty.client.AbstractConnectorHttpClientTransport"},
  "name":"java.util.concurrent.Executors",
  "methods":[{"name":"newVirtualThreadPerTaskExecutor","parameterTypes":[] }]
},
{
  "condition":{"typeReachable":"org.eclipse.jetty.client.AbstractConnectorHttpClientTransport"},
  "name":"javax.security.auth.x500.X500Principal",
  "fields":[{"name":"thisX500Name"}],
  "methods":[{"name":"<init>","parameterTypes":["sun.security.x509.X500Name"] }]
},
{
  "condition":{"typeReachable":"org.eclipse.jetty.client.http.HttpReceiverOverHTTP"},
  "name":"org.eclipse.jetty.util.TypeUtil",
  "methods":[{"name":"getClassLoaderLocation","parameterTypes":["java.lang.Class"] }, {"name":"getCodeSourceLocation","parameterTypes":["java.lang.Class"] }, {"name":"getModuleLocation","parameterTypes":["java.lang.Class"] }, {"name":"getSystemClassLoaderLocation","parameterTypes":["java.lang.Class"] }]
},
{
  "condition":{"typeReachable":"org.eclipse.jetty.client.AbstractConnectorHttpClientTransport"},
  "name":"sun.security.pkcs12.PKCS12KeyStore",
  "methods":[{"name":"<init>","parameterTypes":[] }]
},
{
  "condition":{"typeReachable":"org.eclipse.jetty.client.AbstractConnectorHttpClientTransport"},
  "name":"sun.security.pkcs12.PKCS12KeyStore$DualFormatPKCS12",
  "methods":[{"name":"<init>","parameterTypes":[] }]
},
{
  "condition":{"typeReachable":"org.eclipse.jetty.client.AbstractConnectorHttpClientTransport"},
  "name":"sun.security.provider.DSA$SHA224withDSA",
  "methods":[{"name":"<init>","parameterTypes":[] }]
},
{
  "condition":{"typeReachable":"org.eclipse.jetty.client.AbstractConnectorHttpClientTransport"},
  "name":"sun.security.provider.DSA$SHA256withDSA",
  "methods":[{"name":"<init>","parameterTypes":[] }]
},
{
  "condition":{"typeReachable":"org.eclipse.jetty.client.AbstractConnectorHttpClientTransport"},
  "name":"sun.security.provider.JavaKeyStore$JKS",
  "methods":[{"name":"<init>","parameterTypes":[] }]
},
{
  "condition":{"typeReachable":"org.eclipse.jetty.client.AbstractConnectorHttpClientTransport"},
  "name":"sun.security.provider.NativePRNG",
  "methods":[{"name":"<init>","parameterTypes":[] }, {"name":"<init>","parameterTypes":["java.security.SecureRandomParameters"] }]
},
{
  "condition":{"typeReachable":"org.eclipse.jetty.client.AbstractConnectorHttpClientTransport"},
  "name":"sun.security.provider.SHA",
  "methods":[{"name":"<init>","parameterTypes":[] }]
},
{
  "condition":{"typeReachable":"org.eclipse.jetty.client.AbstractConnectorHttpClientTransport"},
  "name":"sun.security.provider.SHA2$SHA224",
  "methods":[{"name":"<init>","parameterTypes":[] }]
},
{
  "condition":{"typeReachable":"org.eclipse.jetty.client.AbstractConnectorHttpClientTransport"},
  "name":"sun.security.provider.SHA2$SHA256",
  "methods":[{"name":"<init>","parameterTypes":[] }]
},
{
  "condition":{"typeReachable":"org.eclipse.jetty.client.AbstractConnectorHttpClientTransport"},
  "name":"sun.security.provider.SHA5$SHA384",
  "methods":[{"name":"<init>","parameterTypes":[] }]
},
{
  "condition":{"typeReachable":"org.eclipse.jetty.client.AbstractConnectorHttpClientTransport"},
  "name":"sun.security.provider.SHA5$SHA512",
  "methods":[{"name":"<init>","parameterTypes":[] }]
},
{
  "condition":{"typeReachable":"org.eclipse.jetty.client.AbstractConnectorHttpClientTransport"},
  "name":"sun.security.provider.X509Factory",
  "methods":[{"name":"<init>","parameterTypes":[] }]
},
{
  "condition":{"typeReachable":"org.eclipse.jetty.client.AbstractConnectorHttpClientTransport"},
  "name":"sun.security.rsa.PSSParameters",
  "methods":[{"name":"<init>","parameterTypes":[] }]
},
{
  "condition":{"typeReachable":"org.eclipse.jetty.client.AbstractConnectorHttpClientTransport"},
  "name":"sun.security.rsa.RSAKeyFactory$Legacy",
  "methods":[{"name":"<init>","parameterTypes":[] }]
},
{
  "condition":{"typeReachable":"org.eclipse.jetty.client.AbstractConnectorHttpClientTransport"},
  "name":"sun.security.rsa.RSAPSSSignature",
  "methods":[{"name":"<init>","parameterTypes":[] }]
},
{
  "condition":{"typeReachable":"org.eclipse.jetty.client.AbstractConnectorHttpClientTransport"},
  "name":"sun.security.rsa.RSASignature$SHA224withRSA",
  "methods":[{"name":"<init>","parameterTypes":[] }]
},
{
  "condition":{"typeReachable":"org.eclipse.jetty.client.AbstractConnectorHttpClientTransport"},
  "name":"sun.security.ssl.SSLContextImpl$TLSContext",
  "methods":[{"name":"<init>","parameterTypes":[] }]
},
{
  "condition":{"typeReachable":"org.eclipse.jetty.client.AbstractConnectorHttpClientTransport"},
  "name":"sun.security.ssl.TrustManagerFactoryImpl$PKIXFactory",
  "methods":[{"name":"<init>","parameterTypes":[] }]
},
{
  "condition":{"typeReachable":"org.eclipse.jetty.client.AbstractConnectorHttpClientTransport"},
  "name":"sun.security.x509.AuthorityInfoAccessExtension",
  "methods":[{"name":"<init>","parameterTypes":["java.lang.Boolean","java.lang.Object"] }]
},
{
  "condition":{"typeReachable":"org.eclipse.jetty.client.AbstractConnectorHttpClientTransport"},
  "name":"sun.security.x509.AuthorityKeyIdentifierExtension",
  "methods":[{"name":"<init>","parameterTypes":["java.lang.Boolean","java.lang.Object"] }]
},
{
  "condition":{"typeReachable":"org.eclipse.jetty.client.AbstractConnectorHttpClientTransport"},
  "name":"sun.security.x509.BasicConstraintsExtension",
  "methods":[{"name":"<init>","parameterTypes":["java.lang.Boolean","java.lang.Object"] }]
},
{
  "condition":{"typeReachable":"org.eclipse.jetty.client.AbstractConnectorHttpClientTransport"},
  "name":"sun.security.x509.CRLDistributionPointsExtension",
  "methods":[{"name":"<init>","parameterTypes":["java.lang.Boolean","java.lang.Object"] }]
},
{
  "condition":{"typeReachable":"org.eclipse.jetty.client.AbstractConnectorHttpClientTransport"},
  "name":"sun.security.x509.CertificatePoliciesExtension",
  "methods":[{"name":"<init>","parameterTypes":["java.lang.Boolean","java.lang.Object"] }]
},
{
  "condition":{"typeReachable":"org.eclipse.jetty.client.AbstractConnectorHttpClientTransport"},
  "name":"sun.security.x509.ExtendedKeyUsageExtension",
  "methods":[{"name":"<init>","parameterTypes":["java.lang.Boolean","java.lang.Object"] }]
},
{
  "condition":{"typeReachable":"org.eclipse.jetty.client.AbstractConnectorHttpClientTransport"},
  "name":"sun.security.x509.IssuerAlternativeNameExtension",
  "methods":[{"name":"<init>","parameterTypes":["java.lang.Boolean","java.lang.Object"] }]
},
{
  "condition":{"typeReachable":"org.eclipse.jetty.client.AbstractConnectorHttpClientTransport"},
  "name":"sun.security.x509.KeyUsageExtension",
  "methods":[{"name":"<init>","parameterTypes":["java.lang.Boolean","java.lang.Object"] }]
},
{
  "condition":{"typeReachable":"org.eclipse.jetty.client.AbstractConnectorHttpClientTransport"},
  "name":"sun.security.x509.NetscapeCertTypeExtension",
  "methods":[{"name":"<init>","parameterTypes":["java.lang.Boolean","java.lang.Object"] }]
},
{
  "condition":{"typeReachable":"org.eclipse.jetty.client.AbstractConnectorHttpClientTransport"},
  "name":"sun.security.x509.PrivateKeyUsageExtension",
  "methods":[{"name":"<init>","parameterTypes":["java.lang.Boolean","java.lang.Object"] }]
},
{
  "condition":{"typeReachable":"org.eclipse.jetty.client.AbstractConnectorHttpClientTransport"},
  "name":"sun.security.x509.SubjectAlternativeNameExtension",
  "methods":[{"name":"<init>","parameterTypes":["java.lang.Boolean","java.lang.Object"] }]
},
{
  "condition":{"typeReachable":"org.eclipse.jetty.client.AbstractConnectorHttpClientTransport"},
  "name":"sun.security.x509.SubjectKeyIdentifierExtension",
  "methods":[{"name":"<init>","parameterTypes":["java.lang.Boolean","java.lang.Object"] }]
}
]