[
  {
    "latest" : true,
    "module" : "io.undertow:undertow-core",
    "metadata-version" : "2.3.0.Final",
    "tested-versions" : [
      "2.3.0.Final",
      "2.3.1.Final",
      "2.3.2.Final",
      "2.3.3.Final",
      "2.3.4.Final",
      "2.3.5.Final",
      "2.3.6.Final",
      "2.3.7.Final",
      "2.3.8.Final",
      "2.3.9.Final",
      "2.3.10.Final",
      "2.3.11.Final",
      "2.3.12.Final",
      "2.3.13.Final",
      "2.3.14.Final",
      "2.3.15.Final",
      "2.3.16.Final",
      "2.3.17.Final",
      "2.3.18.Final",
      "2.3.19.Final",
      "2.3.20.Final"
    ]
  },
  {
    "module" : "io.undertow:undertow-core",
    "metadata-version" : "2.2.19.Final",
    "tested-versions" : [
      "2.2.19.Final",
      "2.2.20.Final",
      "2.2.21.Final",
      "2.2.22.Final",
      "2.2.23.Final",
      "2.2.24.Final",
      "2.2.25.Final",
      "2.2.26.Final",
      "2.2.27.Final",
      "2.2.28.Final",
      "2.2.29.Final",
      "2.2.30.Final",
      "2.2.31.Final",
      "2.2.32.Final",
      "2.2.33.Final",
      "2.2.34.Final",
      "2.2.35.Final",
      "2.2.36.Final",
      "2.2.37.Final"
    ]
  }
]
