[
  {
    "condition": {
      "typeReachable": "org.flywaydb.core.extensibility.ConfigurationExtension"
    },
    "name": "org.flywaydb.core.api.migration.baseline.BaselineMigrationConfigurationExtension",
    "allPublicConstructors": true,
    "allPublicMethods": true,
    "methods": [
      {
        "name": "<init>",
        "parameterTypes": []
      },
      {
        "name": "getBaselineMigrationPrefix",
        "parameterTypes": []
      },
      {
        "name": "setBaselineMigrationPrefix",
        "parameterTypes": [
          "java.lang.String"
        ]
      }
    ]
  },
  {
    "condition": {
      "typeReachable": "org.flywaydb.core.extensibility.ConfigurationExtension"
    },
    "name": "org.flywaydb.core.extensibility.ConfigurationExtension",
    "queryAllDeclaredMethods": true
  },
  {
    "condition": {
      "typeReachable": "org.flywaydb.core.extensibility.ConfigurationExtension"
    },
    "name": "org.flywaydb.core.internal.command.clean.CleanModeConfigurationExtension",
    "allPublicConstructors": true,
    "allPublicMethods": true,
    "methods": [
      {
        "name": "<init>",
        "parameterTypes": []
      },
      {
        "name": "getClean",
        "parameterTypes": []
      },
      {
        "name": "setClean",
        "parameterTypes": [
          "org.flywaydb.core.internal.command.clean.CleanModel"
        ]
      }
    ]
  },
  {
    "condition": {
      "typeReachable": "org.flywaydb.core.extensibility.ConfigurationExtension"
    },
    "name": "org.flywaydb.core.internal.command.clean.CleanModel",
    "allPublicConstructors": true,
    "allPublicMethods": true
  },
  {
    "condition": {
      "typeReachable": "org.flywaydb.core.extensibility.ConfigurationExtension"
    },
    "name": "org.flywaydb.core.internal.command.clean.SchemaModel",
    "allPublicConstructors": true,
    "allPublicMethods": true
  },
  {
    "condition": {
      "typeReachable": "org.flywaydb.core.extensibility.ConfigurationExtension"
    },
    "name": "org.flywaydb.core.internal.publishing.PublishingConfigurationExtension",
    "allPublicConstructors": true,
    "allPublicMethods": true,
    "methods": [
      {
        "name": "<init>",
        "parameterTypes": []
      },
      {
        "name": "isPublishResult",
        "parameterTypes": []
      },
      {
        "name": "setPublishResult",
        "parameterTypes": [
          "boolean"
        ]
      }
    ]
  },
  {
    "condition": {
      "typeReachable": "org.flywaydb.core.extensibility.ConfigurationExtension"
    },
    "name": "org.flywaydb.database.sqlserver.KerberosModel",
    "allPublicConstructors": true,
    "allPublicMethods": true,
    "methods": [
      {
        "name": "<init>",
        "parameterTypes": []
      },
      {
        "name": "getLogin",
        "parameterTypes": []
      },
      {
        "name": "setLogin",
        "parameterTypes": [
          "org.flywaydb.database.sqlserver.LoginModel"
        ]
      }
    ]
  },
  {
    "condition": {
      "typeReachable": "org.flywaydb.core.extensibility.ConfigurationExtension"
    },
    "name": "org.flywaydb.database.sqlserver.LoginModel",
    "allPublicConstructors": true,
    "allPublicMethods": true,
    "methods": [
      {
        "name": "<init>",
        "parameterTypes": []
      },
      {
        "name": "getFile",
        "parameterTypes": []
      },
      {
        "name": "setFile",
        "parameterTypes": [
          "java.lang.String"
        ]
      }
    ]
  },
  {
    "condition": {
      "typeReachable": "org.flywaydb.core.extensibility.ConfigurationExtension"
    },
    "name": "org.flywaydb.database.sqlserver.SQLServerConfigurationExtension",
    "allDeclaredFields": true,
    "allPublicConstructors": true,
    "allPublicMethods": true,
    "methods": [
      {
        "name": "<init>",
        "parameterTypes": []
      },
      {
        "name": "getClean",
        "parameterTypes": []
      },
      {
        "name": "getKerberos",
        "parameterTypes": []
      },
      {
        "name": "setClean",
        "parameterTypes": [
          "org.flywaydb.core.internal.command.clean.CleanModel"
        ]
      },
      {
        "name": "setKerberos",
        "parameterTypes": [
          "org.flywaydb.database.sqlserver.KerberosModel"
        ]
      }
    ]
  }
]
