{
  "resources": {
    "includes": [
      {
        "pattern": "\\QMETA-INF/services/ch.qos.logback.classic.spi.Configurator\\E",
        "condition": {
          "typeReachable": "ch.qos.logback.classic.util.ClassicEnvUtil"
        }
      },
      {
        "pattern": "\\QMETA-INF/services/org.slf4j.spi.SLF4JServiceProvider\\E",
        "condition": {
          "typeReachable": "org.slf4j.LoggerFactory"
        }
      },
      {
        "pattern": "\\Qorg/slf4j/impl/StaticLoggerBinder.class\\E",
        "condition": {
          "typeReachable": "org.slf4j.LoggerFactory"
        }
      }
    ]
  },
  "bundles": [
  ]
}
