[
  {
    "default-for" : "4\\.1\\d\\..*",
    "metadata-version" : "4.17.0",
    "tested-versions" : [
      "4.17.0"
    ],
    "module" : "org.liquibase:liquibase-core"
  },
  {
    "default-for" : "4\\.2(0|1|2)\\..*",
    "metadata-version" : "4.20.0",
    "test-version": "4.17.0",
    "tested-versions" : [
      "4.20.0"
    ],
    "module" : "org.liquibase:liquibase-core"
  },
  {
    "default-for" : "4\\.23\\..*",
    "metadata-version" : "4.23.0",
    "test-version": "4.17.0",
    "tested-versions" : [
      "4.23.0"
    ],
    "module" : "org.liquibase:liquibase-core"
  },
  {
    "default-for" : "^(4\\.25\\.(0|1)|4\\.26\\.0)$",
    "metadata-version": "4.25.0",
    "tested-versions": [
      "4.25.0",
      "4.25.1",
      "4.26.0"
    ],
    "module" : "org.liquibase:liquibase-core"
  },
  {
    "metadata-version" : "4.27.0",
    "test-version": "4.25.0",
    "tested-versions" : [
      "4.27.0",
      "4.28.0",
      "4.29.0",
      "4.30.0",
      "4.31.0",
      "4.31.1",
      "4.32.0",
      "4.33.0"
    ],
    "module" : "org.liquibase:liquibase-core"
  },
  {
    "metadata-version" : "5.0.1",
    "tested-versions" : [
      "5.0.1"
    ],
    "latest" : true,
    "module" : "org.liquibase:liquibase-core"
  }
]
