{
  "bundles": [],
  "resources": {
    "includes": [
      {
        "condition": {
          "typeReachable": "org.apache.log4j.helpers.Loader"
        },
        "pattern": "\\Qlog4j.xml\\E"
      },
      {
        "condition": {
          "typeReachable": "org.apache.log4j.xml.Log4jEntityResolver"
        },
        "pattern": "\\Qorg/apache/log4j/xml/log4j.dtd\\E"
      },
      {
        "condition": {
          "typeReachable": "org.apache.log4j.helpers.Loader"
        },
        "pattern": "\\Qlog4j.properties\\E"
      }
    ]
  }
}
