[
  {
    "condition": {
      "typeReachable": "org.hibernate.event.service.internal.EventListenerGroupImpl"
    },
    "name": "[Lorg.hibernate.event.spi.AutoFlushEventListener;"
  },
  {
    "condition": {
      "typeReachable": "org.hibernate.event.service.internal.EventListenerGroupImpl"
    },
    "name": "[Lorg.hibernate.event.spi.DeleteEventListener;"
  },
  {
    "condition": {
      "typeReachable": "org.hibernate.event.service.internal.EventListenerGroupImpl"
    },
    "name": "[Lorg.hibernate.event.spi.DirtyCheckEventListener;"
  },
  {
    "condition": {
      "typeReachable": "org.hibernate.event.service.internal.EventListenerGroupImpl"
    },
    "name": "[Lorg.hibernate.event.spi.EvictEventListener;"
  },
  {
    "condition": {
      "typeReachable": "org.hibernate.event.service.internal.EventListenerGroupImpl"
    },
    "name": "[Lorg.hibernate.event.spi.FlushEntityEventListener;"
  },
  {
    "condition": {
      "typeReachable": "org.hibernate.event.service.internal.EventListenerGroupImpl"
    },
    "name": "[Lorg.hibernate.event.spi.FlushEventListener;"
  },
  {
    "condition": {
      "typeReachable": "org.hibernate.event.service.internal.EventListenerGroupImpl"
    },
    "name": "[Lorg.hibernate.event.spi.InitializeCollectionEventListener;"
  },
  {
    "condition": {
      "typeReachable": "org.hibernate.event.service.internal.EventListenerGroupImpl"
    },
    "name": "[Lorg.hibernate.event.spi.LoadEventListener;"
  },
  {
    "condition": {
      "typeReachable": "org.hibernate.event.service.internal.EventListenerGroupImpl"
    },
    "name": "[Lorg.hibernate.event.spi.LockEventListener;"
  },
  {
    "condition": {
      "typeReachable": "org.hibernate.event.service.internal.EventListenerGroupImpl"
    },
    "name": "[Lorg.hibernate.event.spi.MergeEventListener;"
  },
  {
    "condition": {
      "typeReachable": "org.hibernate.event.service.internal.EventListenerGroupImpl"
    },
    "name": "[Lorg.hibernate.event.spi.PersistEventListener;"
  },
  {
    "condition": {
      "typeReachable": "org.hibernate.event.service.internal.EventListenerGroupImpl"
    },
    "name": "[Lorg.hibernate.event.spi.PostDeleteEventListener;"
  },
  {
    "condition": {
      "typeReachable": "org.hibernate.event.service.internal.EventListenerGroupImpl"
    },
    "name": "[Lorg.hibernate.event.spi.PostInsertEventListener;"
  },
  {
    "condition": {
      "typeReachable": "org.hibernate.event.service.internal.EventListenerGroupImpl"
    },
    "name": "[Lorg.hibernate.event.spi.PostLoadEventListener;"
  },
  {
    "condition": {
      "typeReachable": "org.hibernate.event.service.internal.EventListenerGroupImpl"
    },
    "name": "[Lorg.hibernate.event.spi.PostUpdateEventListener;"
  },
  {
    "condition": {
      "typeReachable": "org.hibernate.event.service.internal.EventListenerGroupImpl"
    },
    "name": "[Lorg.hibernate.event.spi.PreLoadEventListener;"
  },
  {
    "condition": {
      "typeReachable": "org.hibernate.event.service.internal.EventListenerGroupImpl"
    },
    "name": "[Lorg.hibernate.event.spi.RefreshEventListener;"
  },
  {
    "condition": {
      "typeReachable": "org.hibernate.event.service.internal.EventListenerGroupImpl"
    },
    "name": "[Lorg.hibernate.event.spi.ReplicateEventListener;"
  },
  {
    "condition": {
      "typeReachable": "org.hibernate.event.service.internal.EventListenerGroupImpl"
    },
    "name": "[Lorg.hibernate.event.spi.ResolveNaturalIdEventListener;"
  },
  {
    "condition": {
      "typeReachable": "org.hibernate.event.service.internal.EventListenerGroupImpl"
    },
    "name": "[Lorg.hibernate.event.spi.SaveOrUpdateEventListener;"
  },
  {
    "condition": {
      "typeReachable": "org.hibernate.engine.transaction.jta.platform.internal.StandardJtaPlatformResolver"
    },
    "name": "bitronix.tm.TransactionManagerServices"
  },
  {
    "condition": {
      "typeReachable": "org.hibernate.jpa.HibernatePersistenceProvider"
    },
    "name": "ch.qos.logback.classic.Logger"
  },
  {
    "condition": {
      "typeReachable": "org.hibernate.jpa.HibernatePersistenceProvider"
    },
    "name": "ch.qos.logback.classic.encoder.PatternLayoutEncoder",
    "queryAllPublicMethods": true,
    "methods": [
      {
        "name": "<init>",
        "parameterTypes": []
      }
    ]
  },
  {
    "condition": {
      "typeReachable": "org.hibernate.jpa.HibernatePersistenceProvider"
    },
    "name": "ch.qos.logback.classic.pattern.DateConverter",
    "methods": [
      {
        "name": "<init>",
        "parameterTypes": []
      }
    ]
  },
  {
    "condition": {
      "typeReachable": "org.hibernate.jpa.HibernatePersistenceProvider"
    },
    "name": "ch.qos.logback.classic.pattern.LevelConverter",
    "methods": [
      {
        "name": "<init>",
        "parameterTypes": []
      }
    ]
  },
  {
    "condition": {
      "typeReachable": "org.hibernate.jpa.HibernatePersistenceProvider"
    },
    "name": "ch.qos.logback.classic.pattern.LineSeparatorConverter",
    "methods": [
      {
        "name": "<init>",
        "parameterTypes": []
      }
    ]
  },
  {
    "condition": {
      "typeReachable": "org.hibernate.jpa.HibernatePersistenceProvider"
    },
    "name": "ch.qos.logback.classic.pattern.LoggerConverter",
    "methods": [
      {
        "name": "<init>",
        "parameterTypes": []
      }
    ]
  },
  {
    "condition": {
      "typeReachable": "org.hibernate.jpa.HibernatePersistenceProvider"
    },
    "name": "ch.qos.logback.classic.pattern.MessageConverter",
    "methods": [
      {
        "name": "<init>",
        "parameterTypes": []
      }
    ]
  },
  {
    "condition": {
      "typeReachable": "org.hibernate.jpa.HibernatePersistenceProvider"
    },
    "name": "ch.qos.logback.classic.pattern.ThreadConverter",
    "methods": [
      {
        "name": "<init>",
        "parameterTypes": []
      }
    ]
  },
  {
    "condition": {
      "typeReachable": "org.hibernate.jpa.HibernatePersistenceProvider"
    },
    "name": "ch.qos.logback.core.ConsoleAppender",
    "queryAllPublicMethods": true,
    "methods": [
      {
        "name": "<init>",
        "parameterTypes": []
      }
    ]
  },
  {
    "condition": {
      "typeReachable": "org.hibernate.jpa.HibernatePersistenceProvider"
    },
    "name": "ch.qos.logback.core.OutputStreamAppender",
    "methods": [
      {
        "name": "setEncoder",
        "parameterTypes": [
          "ch.qos.logback.core.encoder.Encoder"
        ]
      }
    ]
  },
  {
    "condition": {
      "typeReachable": "org.hibernate.jpa.HibernatePersistenceProvider"
    },
    "name": "ch.qos.logback.core.encoder.Encoder",
    "methods": [
      {
        "name": "valueOf",
        "parameterTypes": [
          "java.lang.String"
        ]
      }
    ]
  },
  {
    "condition": {
      "typeReachable": "org.hibernate.jpa.HibernatePersistenceProvider"
    },
    "name": "ch.qos.logback.core.encoder.LayoutWrappingEncoder",
    "methods": [
      {
        "name": "setParent",
        "parameterTypes": [
          "ch.qos.logback.core.spi.ContextAware"
        ]
      }
    ]
  },
  {
    "condition": {
      "typeReachable": "org.hibernate.jpa.HibernatePersistenceProvider"
    },
    "name": "ch.qos.logback.core.pattern.PatternLayoutEncoderBase",
    "methods": [
      {
        "name": "setPattern",
        "parameterTypes": [
          "java.lang.String"
        ]
      }
    ]
  },
  {
    "condition": {
      "typeReachable": "org.hibernate.jpa.HibernatePersistenceProvider"
    },
    "name": "ch.qos.logback.core.spi.ContextAware",
    "methods": [
      {
        "name": "valueOf",
        "parameterTypes": [
          "java.lang.String"
        ]
      }
    ]
  },
  {
    "condition": {
      "typeReachable": "org.hibernate.engine.transaction.jta.platform.internal.StandardJtaPlatformResolver"
    },
    "name": "com.arjuna.ats.jta.TransactionManager"
  },
  {
    "condition": {
      "typeReachable": "org.hibernate.engine.transaction.jta.platform.internal.StandardJtaPlatformResolver"
    },
    "name": "com.atomikos.icatch.jta.UserTransactionManager"
  },
  {
    "condition": {
      "typeReachable": "org.hibernate.engine.transaction.jta.platform.internal.StandardJtaPlatformResolver"
    },
    "name": "com.ibm.ejs.jts.jta.JTSXA"
  },
  {
    "condition": {
      "typeReachable": "org.hibernate.engine.transaction.jta.platform.internal.StandardJtaPlatformResolver"
    },
    "name": "com.ibm.ejs.jts.jta.TransactionManagerFactory"
  },
  {
    "condition": {
      "typeReachable": "org.hibernate.engine.jdbc.connections.internal.DriverConnectionCreator"
    },
    "name": "com.ibm.icu.text.Collator"
  },
  {
    "condition": {
      "typeReachable": "org.hibernate.engine.transaction.jta.platform.internal.StandardJtaPlatformResolver"
    },
    "name": "com.ibm.tx.jta.TransactionManagerFactory"
  },
  {
    "condition": {
      "typeReachable": "org.hibernate.engine.transaction.jta.platform.internal.StandardJtaPlatformResolver"
    },
    "name": "com.ibm.ws.Transaction.TransactionManagerFactory"
  },
  {
    "condition": {
      "typeReachable": "org.hibernate.boot.xsd.LocalXsdResolver"
    },
    "name": "com.sun.org.apache.xerces.internal.impl.dv.xs.ExtendedSchemaDVFactoryImpl",
    "methods": [
      {
        "name": "<init>",
        "parameterTypes": []
      }
    ]
  },
  {
    "condition": {
      "typeReachable": "org.hibernate.boot.xsd.LocalXsdResolver"
    },
    "name": "com.sun.org.apache.xerces.internal.impl.dv.xs.SchemaDVFactoryImpl",
    "methods": [
      {
        "name": "<init>",
        "parameterTypes": []
      }
    ]
  },
  {
    "condition": {
      "typeReachable": "org.hibernate.jpa.boot.internal.PersistenceXmlParser"
    },
    "name": "com.sun.org.apache.xerces.internal.impl.dv.xs.SchemaDVFactoryImpl",
    "methods": [
      {
        "name": "<init>",
        "parameterTypes": []
      }
    ]
  },
  {
    "condition": {
      "typeReachable": "org.hibernate.jpa.boot.internal.PersistenceXmlParser"
    },
    "name": "com.sun.org.apache.xerces.internal.jaxp.DocumentBuilderFactoryImpl",
    "methods": [
      {
        "name": "<init>",
        "parameterTypes": []
      }
    ]
  },
  {
    "condition": {
      "typeReachable": "org.hibernate.jpa.HibernatePersistenceProvider"
    },
    "name": "com.sun.org.apache.xerces.internal.jaxp.SAXParserFactoryImpl",
    "methods": [
      {
        "name": "<init>",
        "parameterTypes": []
      }
    ]
  },
  {
    "condition": {
      "typeReachable": "org.hibernate.boot.jaxb.internal.MappingBinder"
    },
    "name": "com.sun.xml.internal.stream.events.XMLEventFactoryImpl",
    "methods": [
      {
        "name": "<init>",
        "parameterTypes": []
      }
    ]
  },
  {
    "condition": {
      "typeReachable": "org.hibernate.resource.beans.spi.ManagedBeanRegistryInitiator"
    },
    "name": "jakarta.enterprise.inject.spi.BeanManager"
  },
  {
    "condition": {
      "typeReachable": "org.hibernate.cfg.beanvalidation.BeanValidationIntegrator"
    },
    "name": "jakarta.validation.ConstraintViolation"
  },
  {
    "condition": {
      "typeReachable": "org.hibernate.jpa.HibernatePersistenceProvider"
    },
    "name": "java.io.FilePermission"
  },
  {
    "condition": {
      "typeReachable": "org.hibernate.boot.registry.classloading.spi.ClassLoaderService"
    },
    "name": "java.lang.Integer"
  },
  {
    "condition": {
      "typeReachable": "org.hibernate.boot.registry.classloading.spi.ClassLoaderService"
    },
    "name": "java.lang.Long"
  },
  {
    "condition": {
      "typeReachable": "org.hibernate.internal.util.ReflectHelper"
    },
    "name": "java.lang.Object",
    "methods": [
      {
        "name": "equals",
        "parameterTypes": [
          "java.lang.Object"
        ]
      },
      {
        "name": "hashCode",
        "parameterTypes": []
      }
    ]
  },
  {
    "condition": {
      "typeReachable": "org.hibernate.jpa.HibernatePersistenceProvider"
    },
    "name": "java.lang.RuntimePermission"
  },
  {
    "condition": {
      "typeReachable": "org.hibernate.boot.registry.classloading.spi.ClassLoaderService"
    },
    "name": "java.lang.String"
  },
  {
    "condition": {
      "typeReachable": "org.hibernate.jpa.HibernatePersistenceProvider"
    },
    "name": "java.net.NetPermission"
  },
  {
    "condition": {
      "typeReachable": "org.hibernate.jpa.HibernatePersistenceProvider"
    },
    "name": "java.net.SocketPermission"
  },
  {
    "condition": {
      "typeReachable": "org.hibernate.jpa.HibernatePersistenceProvider"
    },
    "name": "java.net.URLPermission",
    "methods": [
      {
        "name": "<init>",
        "parameterTypes": [
          "java.lang.String",
          "java.lang.String"
        ]
      }
    ]
  },
  {
    "condition": {
      "typeReachable": "org.hibernate.jpa.HibernatePersistenceProvider"
    },
    "name": "java.security.AllPermission"
  },
  {
    "condition": {
      "typeReachable": "org.hibernate.id.uuid.LocalObjectUuidHelper"
    },
    "name": "java.security.SecureRandomParameters"
  },
  {
    "condition": {
      "typeReachable": "org.hibernate.jpa.HibernatePersistenceProvider"
    },
    "name": "java.security.SecurityPermission"
  },
  {
    "condition": {
      "typeReachable": "org.hibernate.engine.jdbc.connections.internal.DriverConnectionCreator"
    },
    "name": "java.sql.SQLException",
    "fields": [
      {
        "name": "next"
      }
    ]
  },
  {
    "condition": {
      "typeReachable": "org.hibernate.type.descriptor.JdbcTypeNameMapper"
    },
    "name": "java.sql.Types",
    "allPublicFields": true
  },
  {
    "condition": {
      "typeReachable": "org.hibernate.boot.registry.classloading.spi.ClassLoaderService"
    },
    "name": "java.util.Date"
  },
  {
    "condition": {
      "typeReachable": "org.hibernate.jpa.HibernatePersistenceProvider"
    },
    "name": "java.util.PropertyPermission"
  },
  {
    "condition": {
      "typeReachable": "org.hibernate.boot.registry.classloading.internal.AggregatedServiceLoader"
    },
    "name": "java.util.ServiceLoader",
    "methods": [
      {
        "name": "stream",
        "parameterTypes": []
      }
    ]
  },
  {
    "condition": {
      "typeReachable": "org.hibernate.boot.registry.classloading.internal.AggregatedServiceLoader$ClassPathAndModulePathAggregatedServiceLoader"
    },
    "name": "java.util.ServiceLoader",
    "methods": [
      {
        "name": "stream",
        "parameterTypes": []
      }
    ]
  },
  {
    "condition": {
      "typeReachable": "org.hibernate.boot.registry.classloading.internal.AggregatedServiceLoader"
    },
    "name": "java.util.ServiceLoader$Provider",
    "methods": [
      {
        "name": "type",
        "parameterTypes": []
      }
    ]
  },
  {
    "condition": {
      "typeReachable": "org.hibernate.jpa.HibernatePersistenceProvider"
    },
    "name": "javax.smartcardio.CardPermission"
  },
  {
    "condition": {
      "typeReachable": "org.hibernate.jpa.HibernatePersistenceProvider"
    },
    "name": "org.apache.log4j.LogManager"
  },
  {
    "condition": {
      "typeReachable": "org.hibernate.jpa.HibernatePersistenceProvider"
    },
    "name": "org.apache.logging.log4j.Logger"
  },
  {
    "condition": {
      "typeReachable": "org.hibernate.engine.jdbc.connections.internal.DriverManagerConnectionProviderImpl"
    },
    "name": "org.h2.Driver",
    "methods": [
      {
        "name": "<init>",
        "parameterTypes": []
      }
    ]
  },
  {
    "condition": {
      "typeReachable": "org.hibernate.engine.jdbc.connections.internal.DriverConnectionCreator"
    },
    "name": "org.h2.mvstore.MVStore$TxCounter",
    "fields": [
      {
        "name": "counter"
      }
    ]
  },
  {
    "condition": {
      "typeReachable": "org.hibernate.engine.jdbc.connections.internal.DriverConnectionCreator"
    },
    "name": "org.h2.mvstore.Page",
    "fields": [
      {
        "name": "pos"
      }
    ]
  },
  {
    "condition": {
      "typeReachable": "org.hibernate.boot.internal.MetadataBuilderImpl"
    },
    "name": "org.hibernate.boot.cfgxml.internal.CfgXmlAccessServiceImpl",
    "queryAllPublicMethods": true
  },
  {
    "condition": {
      "typeReachable": "org.hibernate.boot.internal.MetadataImpl"
    },
    "name": "org.hibernate.boot.internal.DefaultSessionFactoryBuilderService",
    "queryAllPublicMethods": true
  },
  {
    "condition": {
      "typeReachable": "org.hibernate.boot.internal.MetadataBuilderImpl$MetadataBuildingOptionsImpl$1"
    },
    "name": "org.hibernate.boot.model.naming.ImplicitNamingStrategyJpaCompliantImpl",
    "methods": [
      {
        "name": "<init>",
        "parameterTypes": []
      }
    ]
  },
  {
    "condition": {
      "typeReachable": "org.hibernate.bytecode.enhance.spi.interceptor.BytecodeInterceptorLogging"
    },
    "name": "org.hibernate.bytecode.enhance.spi.interceptor.BytecodeInterceptorLogging_$logger",
    "methods": [
      {
        "name": "<init>",
        "parameterTypes": [
          "org.jboss.logging.Logger"
        ]
      }
    ]
  },
  {
    "condition": {
      "typeReachable": "org.hibernate.bytecode.enhance.spi.interceptor.BytecodeInterceptorLogging"
    },
    "name": "org.hibernate.bytecode.enhance.spi.interceptor.BytecodeInterceptorLogging_$logger_en"
  },
  {
    "condition": {
      "typeReachable": "org.hibernate.bytecode.enhance.spi.interceptor.BytecodeInterceptorLogging"
    },
    "name": "org.hibernate.bytecode.enhance.spi.interceptor.BytecodeInterceptorLogging_$logger_en_US"
  },
  {
    "condition": {
      "typeReachable": "org.hibernate.boot.internal.SessionFactoryBuilderImpl"
    },
    "name": "org.hibernate.bytecode.internal.none.BytecodeProviderImpl",
    "queryAllPublicMethods": true
  },
  {
    "condition": {
      "typeReachable": "org.hibernate.internal.SessionFactoryImpl"
    },
    "name": "org.hibernate.cache.internal.DisabledCaching",
    "queryAllPublicMethods": true
  },
  {
    "condition": {
      "typeReachable": "org.hibernate.boot.internal.MetadataBuilderImpl$MetadataBuildingOptionsImpl"
    },
    "name": "org.hibernate.cache.internal.NoCachingRegionFactory",
    "queryAllPublicMethods": true
  },
  {
    "condition": {
      "typeReachable": "org.hibernate.engine.jdbc.dialect.internal.DialectFactoryImpl"
    },
    "name": "org.hibernate.dialect.H2Dialect",
    "methods": [
      {
        "name": "<init>",
        "parameterTypes": []
      }
    ]
  },
  {
    "condition": {
      "typeReachable": "org.hibernate.engine.jdbc.dialect.internal.DialectFactoryImpl"
    },
    "name": "org.hibernate.dialect.MariaDBDialect",
    "methods": [
      {
        "name": "<init>",
        "parameterTypes": []
      }
    ]
  },
  {
    "condition": {
      "typeReachable": "org.hibernate.engine.jdbc.dialect.internal.DialectFactoryImpl"
    },
    "name": "org.hibernate.dialect.MySQLDialect",
    "methods": [
      {
        "name": "<init>",
        "parameterTypes": []
      }
    ]
  },
  {
    "condition": {
      "typeReachable": "org.hibernate.engine.jdbc.dialect.internal.DialectFactoryImpl"
    },
    "name": "org.hibernate.dialect.OracleDialect",
    "methods": [
      {
        "name": "<init>",
        "parameterTypes": []
      }
    ]
  },
  {
    "condition": {
      "typeReachable": "org.hibernate.engine.jdbc.dialect.internal.DialectFactoryImpl"
    },
    "name": "org.hibernate.dialect.PostgreSQLDialect",
    "methods": [
      {
        "name": "<init>",
        "parameterTypes": []
      }
    ]
  },
  {
    "condition": {
      "typeReachable": "org.hibernate.engine.jdbc.dialect.internal.DialectFactoryImpl"
    },
    "name": "org.hibernate.dialect.SQLServerDialect",
    "methods": [
      {
        "name": "<init>",
        "parameterTypes": []
      }
    ]
  },
  {
    "condition": {
      "typeReachable": "org.hibernate.resource.beans.internal.Helper"
    },
    "name": "org.hibernate.engine.config.internal.ConfigurationServiceImpl",
    "queryAllPublicMethods": true
  },
  {
    "condition": {
      "typeReachable": "org.hibernate.engine.jdbc.internal.JdbcCoordinatorImpl"
    },
    "name": "org.hibernate.engine.jdbc.batch.internal.BatchBuilderImpl",
    "queryAllPublicMethods": true
  },
  {
    "condition": {
      "typeReachable": "org.hibernate.engine.jdbc.env.internal.JdbcEnvironmentInitiator"
    },
    "name": "org.hibernate.engine.jdbc.connections.internal.DriverManagerConnectionProviderImpl",
    "queryAllPublicMethods": true
  },
  {
    "condition": {
      "typeReachable": "org.hibernate.engine.jdbc.env.internal.JdbcEnvironmentInitiator"
    },
    "name": "org.hibernate.engine.jdbc.dialect.internal.DialectFactoryImpl",
    "queryAllPublicMethods": true
  },
  {
    "condition": {
      "typeReachable": "org.hibernate.engine.jdbc.dialect.internal.DialectFactoryImpl"
    },
    "name": "org.hibernate.engine.jdbc.dialect.internal.DialectResolverSet",
    "queryAllPublicMethods": true
  },
  {
    "condition": {
      "typeReachable": "org.hibernate.boot.model.relational.Database"
    },
    "name": "org.hibernate.engine.jdbc.env.internal.JdbcEnvironmentImpl",
    "queryAllPublicMethods": true
  },
  {
    "condition": {
      "typeReachable": "org.hibernate.boot.model.relational.Database"
    },
    "name": "org.hibernate.engine.jdbc.internal.JdbcServicesImpl",
    "queryAllPublicMethods": true
  },
  {
    "condition": {
      "typeReachable": "org.hibernate.internal.SessionFactoryImpl"
    },
    "name": "org.hibernate.engine.jndi.internal.JndiServiceImpl",
    "queryAllPublicMethods": true
  },
  {
    "condition": {
      "typeReachable": "org.hibernate.query.spi.QueryEngine"
    },
    "name": "org.hibernate.engine.query.internal.NativeQueryInterpreterStandardImpl",
    "queryAllPublicMethods": true
  },
  {
    "condition": {
      "typeReachable": "org.hibernate.internal.SessionFactoryImpl"
    },
    "name": "org.hibernate.engine.transaction.jta.platform.internal.NoJtaPlatform",
    "queryAllPublicMethods": true
  },
  {
    "condition": {
      "typeReachable": "org.hibernate.engine.transaction.jta.platform.internal.JtaPlatformInitiator"
    },
    "name": "org.hibernate.engine.transaction.jta.platform.internal.StandardJtaPlatformResolver",
    "queryAllPublicMethods": true
  },
  {
    "condition": {
      "typeReachable": "org.hibernate.event.spi.EventType"
    },
    "name": "org.hibernate.event.spi.EventType",
    "allDeclaredFields": true
  },
  {
    "condition": {
      "typeReachable": "org.hibernate.id.factory.internal.DefaultIdentifierGeneratorFactory"
    },
    "name": "org.hibernate.id.Assigned",
    "methods": [
      {
        "name": "<init>",
        "parameterTypes": []
      }
    ]
  },
  {
    "condition": {
      "typeReachable": "org.hibernate.id.factory.internal.DefaultIdentifierGeneratorFactory"
    },
    "name": "org.hibernate.id.ForeignGenerator",
    "methods": [
      {
        "name": "<init>",
        "parameterTypes": []
      }
    ]
  },
  {
    "condition": {
      "typeReachable": "org.hibernate.id.factory.internal.DefaultIdentifierGeneratorFactory"
    },
    "name": "org.hibernate.id.GUIDGenerator",
    "methods": [
      {
        "name": "<init>",
        "parameterTypes": []
      }
    ]
  },
  {
    "condition": {
      "typeReachable": "org.hibernate.id.factory.internal.DefaultIdentifierGeneratorFactory"
    },
    "name": "org.hibernate.id.IdentityGenerator",
    "methods": [
      {
        "name": "<init>",
        "parameterTypes": []
      }
    ]
  },
  {
    "condition": {
      "typeReachable": "org.hibernate.id.factory.internal.DefaultIdentifierGeneratorFactory"
    },
    "name": "org.hibernate.id.IncrementGenerator",
    "methods": [
      {
        "name": "<init>",
        "parameterTypes": []
      }
    ]
  },
  {
    "condition": {
      "typeReachable": "org.hibernate.id.factory.internal.DefaultIdentifierGeneratorFactory"
    },
    "name": "org.hibernate.id.SelectGenerator",
    "methods": [
      {
        "name": "<init>",
        "parameterTypes": []
      }
    ]
  },
  {
    "condition": {
      "typeReachable": "org.hibernate.id.factory.internal.DefaultIdentifierGeneratorFactory"
    },
    "name": "org.hibernate.id.UUIDGenerator",
    "methods": [
      {
        "name": "<init>",
        "parameterTypes": []
      }
    ]
  },
  {
    "condition": {
      "typeReachable": "org.hibernate.id.factory.internal.DefaultIdentifierGeneratorFactory"
    },
    "name": "org.hibernate.id.UUIDHexGenerator",
    "methods": [
      {
        "name": "<init>",
        "parameterTypes": []
      }
    ]
  },
  {
    "condition": {
      "typeReachable": "org.hibernate.id.enhanced.OptimizerFactory"
    },
    "name": "org.hibernate.id.enhanced.PooledOptimizer",
    "methods": [
      {
        "name": "<init>",
        "parameterTypes": [
          "java.lang.Class",
          "int"
        ]
      }
    ]
  },
  {
    "condition": {
      "typeReachable": "org.hibernate.id.factory.internal.DefaultIdentifierGeneratorFactory"
    },
    "name": "org.hibernate.id.enhanced.SequenceStyleGenerator",
    "methods": [
      {
        "name": "<init>",
        "parameterTypes": []
      }
    ]
  },
  {
    "condition": {
      "typeReachable": "org.hibernate.id.enhanced.TableGenerator"
    },
    "name": "org.hibernate.id.enhanced.StandardNamingStrategy",
    "methods": [
      {
        "name": "<init>",
        "parameterTypes": []
      }
    ]
  },
  {
    "condition": {
      "typeReachable": "org.hibernate.id.factory.internal.StandardIdentifierGeneratorFactory"
    },
    "name": "org.hibernate.id.enhanced.TableGenerator",
    "methods": [
      {
        "name": "<init>",
        "parameterTypes": []
      }
    ]
  },
  {
    "condition": {
      "typeReachable": "org.hibernate.Version"
    },
    "name": "org.hibernate.internal.CoreMessageLogger_$logger",
    "methods": [
      {
        "name": "<init>",
        "parameterTypes": [
          "org.jboss.logging.Logger"
        ]
      }
    ]
  },
  {
    "condition": {
      "typeReachable": "org.hibernate.cfg.AnnotatedColumn"
    },
    "name": "org.hibernate.internal.CoreMessageLogger_$logger",
    "methods": [
      {
        "name": "<init>",
        "parameterTypes": [
          "org.jboss.logging.Logger"
        ]
      }
    ]
  },
  {
    "condition": {
      "typeReachable": "org.hibernate.cfg.CollectionSecondPass"
    },
    "name": "org.hibernate.internal.CoreMessageLogger_$logger",
    "methods": [
      {
        "name": "<init>",
        "parameterTypes": [
          "org.jboss.logging.Logger"
        ]
      }
    ]
  },
  {
    "condition": {
      "typeReachable": "org.hibernate.cfg.Environment"
    },
    "name": "org.hibernate.internal.CoreMessageLogger_$logger",
    "methods": [
      {
        "name": "<init>",
        "parameterTypes": [
          "org.jboss.logging.Logger"
        ]
      }
    ]
  },
  {
    "condition": {
      "typeReachable": "org.hibernate.cfg.PropertyContainer"
    },
    "name": "org.hibernate.internal.CoreMessageLogger_$logger",
    "methods": [
      {
        "name": "<init>",
        "parameterTypes": [
          "org.jboss.logging.Logger"
        ]
      }
    ]
  },
  {
    "condition": {
      "typeReachable": "org.hibernate.cfg.annotations.BasicValueBinder"
    },
    "name": "org.hibernate.internal.CoreMessageLogger_$logger",
    "methods": [
      {
        "name": "<init>",
        "parameterTypes": [
          "org.jboss.logging.Logger"
        ]
      }
    ]
  },
  {
    "condition": {
      "typeReachable": "org.hibernate.cfg.annotations.CollectionBinder"
    },
    "name": "org.hibernate.internal.CoreMessageLogger_$logger",
    "methods": [
      {
        "name": "<init>",
        "parameterTypes": [
          "org.jboss.logging.Logger"
        ]
      }
    ]
  },
  {
    "condition": {
      "typeReachable": "org.hibernate.cfg.annotations.EntityBinder"
    },
    "name": "org.hibernate.internal.CoreMessageLogger_$logger",
    "methods": [
      {
        "name": "<init>",
        "parameterTypes": [
          "org.jboss.logging.Logger"
        ]
      }
    ]
  },
  {
    "condition": {
      "typeReachable": "org.hibernate.cfg.annotations.PropertyBinder"
    },
    "name": "org.hibernate.internal.CoreMessageLogger_$logger",
    "methods": [
      {
        "name": "<init>",
        "parameterTypes": [
          "org.jboss.logging.Logger"
        ]
      }
    ]
  },
  {
    "condition": {
      "typeReachable": "org.hibernate.cfg.annotations.QueryBinder"
    },
    "name": "org.hibernate.internal.CoreMessageLogger_$logger",
    "methods": [
      {
        "name": "<init>",
        "parameterTypes": [
          "org.jboss.logging.Logger"
        ]
      }
    ]
  },
  {
    "condition": {
      "typeReachable": "org.hibernate.cfg.annotations.TableBinder"
    },
    "name": "org.hibernate.internal.CoreMessageLogger_$logger",
    "methods": [
      {
        "name": "<init>",
        "parameterTypes": [
          "org.jboss.logging.Logger"
        ]
      }
    ]
  },
  {
    "condition": {
      "typeReachable": "org.hibernate.cfg.beanvalidation.BeanValidationIntegrator"
    },
    "name": "org.hibernate.internal.CoreMessageLogger_$logger",
    "methods": [
      {
        "name": "<init>",
        "parameterTypes": [
          "org.jboss.logging.Logger"
        ]
      }
    ]
  },
  {
    "condition": {
      "typeReachable": "org.hibernate.engine.config.internal.ConfigurationServiceImpl"
    },
    "name": "org.hibernate.internal.CoreMessageLogger_$logger",
    "methods": [
      {
        "name": "<init>",
        "parameterTypes": [
          "org.jboss.logging.Logger"
        ]
      }
    ]
  },
  {
    "condition": {
      "typeReachable": "org.hibernate.engine.internal.Collections"
    },
    "name": "org.hibernate.internal.CoreMessageLogger_$logger",
    "methods": [
      {
        "name": "<init>",
        "parameterTypes": [
          "org.jboss.logging.Logger"
        ]
      }
    ]
  },
  {
    "condition": {
      "typeReachable": "org.hibernate.engine.internal.StatefulPersistenceContext"
    },
    "name": "org.hibernate.internal.CoreMessageLogger_$logger",
    "methods": [
      {
        "name": "<init>",
        "parameterTypes": [
          "org.jboss.logging.Logger"
        ]
      }
    ]
  },
  {
    "condition": {
      "typeReachable": "org.hibernate.engine.internal.Versioning"
    },
    "name": "org.hibernate.internal.CoreMessageLogger_$logger",
    "methods": [
      {
        "name": "<init>",
        "parameterTypes": [
          "org.jboss.logging.Logger"
        ]
      }
    ]
  },
  {
    "condition": {
      "typeReachable": "org.hibernate.engine.jdbc.batch.internal.AbstractBatchImpl"
    },
    "name": "org.hibernate.internal.CoreMessageLogger_$logger",
    "methods": [
      {
        "name": "<init>",
        "parameterTypes": [
          "org.jboss.logging.Logger"
        ]
      }
    ]
  },
  {
    "condition": {
      "typeReachable": "org.hibernate.engine.jdbc.env.internal.JdbcEnvironmentInitiator"
    },
    "name": "org.hibernate.internal.CoreMessageLogger_$logger",
    "methods": [
      {
        "name": "<init>",
        "parameterTypes": [
          "org.jboss.logging.Logger"
        ]
      }
    ]
  },
  {
    "condition": {
      "typeReachable": "org.hibernate.engine.jdbc.env.internal.LobCreatorBuilderImpl"
    },
    "name": "org.hibernate.internal.CoreMessageLogger_$logger",
    "methods": [
      {
        "name": "<init>",
        "parameterTypes": [
          "org.jboss.logging.Logger"
        ]
      }
    ]
  },
  {
    "condition": {
      "typeReachable": "org.hibernate.engine.jdbc.spi.SqlExceptionHelper"
    },
    "name": "org.hibernate.internal.CoreMessageLogger_$logger",
    "methods": [
      {
        "name": "<init>",
        "parameterTypes": [
          "org.jboss.logging.Logger"
        ]
      }
    ]
  },
  {
    "condition": {
      "typeReachable": "org.hibernate.engine.jndi.internal.JndiServiceImpl"
    },
    "name": "org.hibernate.internal.CoreMessageLogger_$logger",
    "methods": [
      {
        "name": "<init>",
        "parameterTypes": [
          "org.jboss.logging.Logger"
        ]
      }
    ]
  },
  {
    "condition": {
      "typeReachable": "org.hibernate.engine.spi.CascadingActions"
    },
    "name": "org.hibernate.internal.CoreMessageLogger_$logger",
    "methods": [
      {
        "name": "<init>",
        "parameterTypes": [
          "org.jboss.logging.Logger"
        ]
      }
    ]
  },
  {
    "condition": {
      "typeReachable": "org.hibernate.engine.transaction.jta.platform.internal.JtaPlatformInitiator"
    },
    "name": "org.hibernate.internal.CoreMessageLogger_$logger",
    "methods": [
      {
        "name": "<init>",
        "parameterTypes": [
          "org.jboss.logging.Logger"
        ]
      }
    ]
  },
  {
    "condition": {
      "typeReachable": "org.hibernate.event.internal.AbstractFlushingEventListener"
    },
    "name": "org.hibernate.internal.CoreMessageLogger_$logger",
    "methods": [
      {
        "name": "<init>",
        "parameterTypes": [
          "org.jboss.logging.Logger"
        ]
      }
    ]
  },
  {
    "condition": {
      "typeReachable": "org.hibernate.event.internal.DefaultAutoFlushEventListener"
    },
    "name": "org.hibernate.internal.CoreMessageLogger_$logger",
    "methods": [
      {
        "name": "<init>",
        "parameterTypes": [
          "org.jboss.logging.Logger"
        ]
      }
    ]
  },
  {
    "condition": {
      "typeReachable": "org.hibernate.event.internal.DefaultLockEventListener"
    },
    "name": "org.hibernate.internal.CoreMessageLogger_$logger",
    "methods": [
      {
        "name": "<init>",
        "parameterTypes": [
          "org.jboss.logging.Logger"
        ]
      }
    ]
  },
  {
    "condition": {
      "typeReachable": "org.hibernate.id.enhanced.OptimizerFactory"
    },
    "name": "org.hibernate.internal.CoreMessageLogger_$logger",
    "methods": [
      {
        "name": "<init>",
        "parameterTypes": [
          "org.jboss.logging.Logger"
        ]
      }
    ]
  },
  {
    "condition": {
      "typeReachable": "org.hibernate.id.enhanced.PooledLoOptimizer"
    },
    "name": "org.hibernate.internal.CoreMessageLogger_$logger",
    "methods": [
      {
        "name": "<init>",
        "parameterTypes": [
          "org.jboss.logging.Logger"
        ]
      }
    ]
  },
  {
    "condition": {
      "typeReachable": "org.hibernate.id.enhanced.PooledLoThreadLocalOptimizer"
    },
    "name": "org.hibernate.internal.CoreMessageLogger_$logger",
    "methods": [
      {
        "name": "<init>",
        "parameterTypes": [
          "org.jboss.logging.Logger"
        ]
      }
    ]
  },
  {
    "condition": {
      "typeReachable": "org.hibernate.id.enhanced.PooledOptimizer"
    },
    "name": "org.hibernate.internal.CoreMessageLogger_$logger",
    "methods": [
      {
        "name": "<init>",
        "parameterTypes": [
          "org.jboss.logging.Logger"
        ]
      }
    ]
  },
  {
    "condition": {
      "typeReachable": "org.hibernate.id.enhanced.TableGenerator"
    },
    "name": "org.hibernate.internal.CoreMessageLogger_$logger",
    "methods": [
      {
        "name": "<init>",
        "parameterTypes": [
          "org.jboss.logging.Logger"
        ]
      }
    ]
  },
  {
    "condition": {
      "typeReachable": "org.hibernate.internal.CoreLogging"
    },
    "name": "org.hibernate.internal.CoreMessageLogger_$logger",
    "methods": [
      {
        "name": "<init>",
        "parameterTypes": [
          "org.jboss.logging.Logger"
        ]
      }
    ]
  },
  {
    "condition": {
      "typeReachable": "org.hibernate.persister.collection.AbstractCollectionPersister"
    },
    "name": "org.hibernate.internal.CoreMessageLogger_$logger",
    "methods": [
      {
        "name": "<init>",
        "parameterTypes": [
          "org.jboss.logging.Logger"
        ]
      }
    ]
  },
  {
    "condition": {
      "typeReachable": "org.hibernate.stat.internal.StatisticsInitiator"
    },
    "name": "org.hibernate.internal.CoreMessageLogger_$logger",
    "methods": [
      {
        "name": "<init>",
        "parameterTypes": [
          "org.jboss.logging.Logger"
        ]
      }
    ]
  },
  {
    "condition": {
      "typeReachable": "org.hibernate.type.CollectionType"
    },
    "name": "org.hibernate.internal.CoreMessageLogger_$logger",
    "methods": [
      {
        "name": "<init>",
        "parameterTypes": [
          "org.jboss.logging.Logger"
        ]
      }
    ]
  },
  {
    "condition": {
      "typeReachable": "org.hibernate.type.descriptor.java.DbTimestampJavaType"
    },
    "name": "org.hibernate.internal.CoreMessageLogger_$logger",
    "methods": [
      {
        "name": "<init>",
        "parameterTypes": [
          "org.jboss.logging.Logger"
        ]
      }
    ]
  },
  {
    "condition": {
      "typeReachable": "org.hibernate.Version"
    },
    "name": "org.hibernate.internal.CoreMessageLogger_$logger_en"
  },
  {
    "condition": {
      "typeReachable": "org.hibernate.cfg.AnnotatedColumn"
    },
    "name": "org.hibernate.internal.CoreMessageLogger_$logger_en"
  },
  {
    "condition": {
      "typeReachable": "org.hibernate.cfg.CollectionSecondPass"
    },
    "name": "org.hibernate.internal.CoreMessageLogger_$logger_en"
  },
  {
    "condition": {
      "typeReachable": "org.hibernate.cfg.Environment"
    },
    "name": "org.hibernate.internal.CoreMessageLogger_$logger_en"
  },
  {
    "condition": {
      "typeReachable": "org.hibernate.cfg.PropertyContainer"
    },
    "name": "org.hibernate.internal.CoreMessageLogger_$logger_en"
  },
  {
    "condition": {
      "typeReachable": "org.hibernate.cfg.annotations.BasicValueBinder"
    },
    "name": "org.hibernate.internal.CoreMessageLogger_$logger_en"
  },
  {
    "condition": {
      "typeReachable": "org.hibernate.cfg.annotations.CollectionBinder"
    },
    "name": "org.hibernate.internal.CoreMessageLogger_$logger_en"
  },
  {
    "condition": {
      "typeReachable": "org.hibernate.cfg.annotations.EntityBinder"
    },
    "name": "org.hibernate.internal.CoreMessageLogger_$logger_en"
  },
  {
    "condition": {
      "typeReachable": "org.hibernate.cfg.annotations.PropertyBinder"
    },
    "name": "org.hibernate.internal.CoreMessageLogger_$logger_en"
  },
  {
    "condition": {
      "typeReachable": "org.hibernate.cfg.annotations.QueryBinder"
    },
    "name": "org.hibernate.internal.CoreMessageLogger_$logger_en"
  },
  {
    "condition": {
      "typeReachable": "org.hibernate.cfg.annotations.TableBinder"
    },
    "name": "org.hibernate.internal.CoreMessageLogger_$logger_en"
  },
  {
    "condition": {
      "typeReachable": "org.hibernate.cfg.beanvalidation.BeanValidationIntegrator"
    },
    "name": "org.hibernate.internal.CoreMessageLogger_$logger_en"
  },
  {
    "condition": {
      "typeReachable": "org.hibernate.engine.config.internal.ConfigurationServiceImpl"
    },
    "name": "org.hibernate.internal.CoreMessageLogger_$logger_en"
  },
  {
    "condition": {
      "typeReachable": "org.hibernate.engine.internal.Collections"
    },
    "name": "org.hibernate.internal.CoreMessageLogger_$logger_en"
  },
  {
    "condition": {
      "typeReachable": "org.hibernate.engine.internal.StatefulPersistenceContext"
    },
    "name": "org.hibernate.internal.CoreMessageLogger_$logger_en"
  },
  {
    "condition": {
      "typeReachable": "org.hibernate.engine.internal.Versioning"
    },
    "name": "org.hibernate.internal.CoreMessageLogger_$logger_en"
  },
  {
    "condition": {
      "typeReachable": "org.hibernate.engine.jdbc.batch.internal.AbstractBatchImpl"
    },
    "name": "org.hibernate.internal.CoreMessageLogger_$logger_en"
  },
  {
    "condition": {
      "typeReachable": "org.hibernate.engine.jdbc.env.internal.JdbcEnvironmentInitiator"
    },
    "name": "org.hibernate.internal.CoreMessageLogger_$logger_en"
  },
  {
    "condition": {
      "typeReachable": "org.hibernate.engine.jdbc.env.internal.LobCreatorBuilderImpl"
    },
    "name": "org.hibernate.internal.CoreMessageLogger_$logger_en"
  },
  {
    "condition": {
      "typeReachable": "org.hibernate.engine.jdbc.spi.SqlExceptionHelper"
    },
    "name": "org.hibernate.internal.CoreMessageLogger_$logger_en"
  },
  {
    "condition": {
      "typeReachable": "org.hibernate.engine.jndi.internal.JndiServiceImpl"
    },
    "name": "org.hibernate.internal.CoreMessageLogger_$logger_en"
  },
  {
    "condition": {
      "typeReachable": "org.hibernate.engine.spi.CascadingActions"
    },
    "name": "org.hibernate.internal.CoreMessageLogger_$logger_en"
  },
  {
    "condition": {
      "typeReachable": "org.hibernate.engine.transaction.jta.platform.internal.JtaPlatformInitiator"
    },
    "name": "org.hibernate.internal.CoreMessageLogger_$logger_en"
  },
  {
    "condition": {
      "typeReachable": "org.hibernate.event.internal.AbstractFlushingEventListener"
    },
    "name": "org.hibernate.internal.CoreMessageLogger_$logger_en"
  },
  {
    "condition": {
      "typeReachable": "org.hibernate.event.internal.DefaultAutoFlushEventListener"
    },
    "name": "org.hibernate.internal.CoreMessageLogger_$logger_en"
  },
  {
    "condition": {
      "typeReachable": "org.hibernate.event.internal.DefaultLockEventListener"
    },
    "name": "org.hibernate.internal.CoreMessageLogger_$logger_en"
  },
  {
    "condition": {
      "typeReachable": "org.hibernate.id.enhanced.OptimizerFactory"
    },
    "name": "org.hibernate.internal.CoreMessageLogger_$logger_en"
  },
  {
    "condition": {
      "typeReachable": "org.hibernate.id.enhanced.PooledLoOptimizer"
    },
    "name": "org.hibernate.internal.CoreMessageLogger_$logger_en"
  },
  {
    "condition": {
      "typeReachable": "org.hibernate.id.enhanced.PooledLoThreadLocalOptimizer"
    },
    "name": "org.hibernate.internal.CoreMessageLogger_$logger_en"
  },
  {
    "condition": {
      "typeReachable": "org.hibernate.id.enhanced.PooledOptimizer"
    },
    "name": "org.hibernate.internal.CoreMessageLogger_$logger_en"
  },
  {
    "condition": {
      "typeReachable": "org.hibernate.id.enhanced.TableGenerator"
    },
    "name": "org.hibernate.internal.CoreMessageLogger_$logger_en"
  },
  {
    "condition": {
      "typeReachable": "org.hibernate.internal.CoreLogging"
    },
    "name": "org.hibernate.internal.CoreMessageLogger_$logger_en"
  },
  {
    "condition": {
      "typeReachable": "org.hibernate.persister.collection.AbstractCollectionPersister"
    },
    "name": "org.hibernate.internal.CoreMessageLogger_$logger_en"
  },
  {
    "condition": {
      "typeReachable": "org.hibernate.stat.internal.StatisticsInitiator"
    },
    "name": "org.hibernate.internal.CoreMessageLogger_$logger_en"
  },
  {
    "condition": {
      "typeReachable": "org.hibernate.type.CollectionType"
    },
    "name": "org.hibernate.internal.CoreMessageLogger_$logger_en"
  },
  {
    "condition": {
      "typeReachable": "org.hibernate.type.descriptor.java.DbTimestampJavaType"
    },
    "name": "org.hibernate.internal.CoreMessageLogger_$logger_en"
  },
  {
    "condition": {
      "typeReachable": "org.hibernate.Version"
    },
    "name": "org.hibernate.internal.CoreMessageLogger_$logger_en_US"
  },
  {
    "condition": {
      "typeReachable": "org.hibernate.cfg.AnnotatedColumn"
    },
    "name": "org.hibernate.internal.CoreMessageLogger_$logger_en_US"
  },
  {
    "condition": {
      "typeReachable": "org.hibernate.cfg.CollectionSecondPass"
    },
    "name": "org.hibernate.internal.CoreMessageLogger_$logger_en_US"
  },
  {
    "condition": {
      "typeReachable": "org.hibernate.cfg.Environment"
    },
    "name": "org.hibernate.internal.CoreMessageLogger_$logger_en_US"
  },
  {
    "condition": {
      "typeReachable": "org.hibernate.cfg.PropertyContainer"
    },
    "name": "org.hibernate.internal.CoreMessageLogger_$logger_en_US"
  },
  {
    "condition": {
      "typeReachable": "org.hibernate.cfg.annotations.BasicValueBinder"
    },
    "name": "org.hibernate.internal.CoreMessageLogger_$logger_en_US"
  },
  {
    "condition": {
      "typeReachable": "org.hibernate.cfg.annotations.CollectionBinder"
    },
    "name": "org.hibernate.internal.CoreMessageLogger_$logger_en_US"
  },
  {
    "condition": {
      "typeReachable": "org.hibernate.cfg.annotations.EntityBinder"
    },
    "name": "org.hibernate.internal.CoreMessageLogger_$logger_en_US"
  },
  {
    "condition": {
      "typeReachable": "org.hibernate.cfg.annotations.PropertyBinder"
    },
    "name": "org.hibernate.internal.CoreMessageLogger_$logger_en_US"
  },
  {
    "condition": {
      "typeReachable": "org.hibernate.cfg.annotations.QueryBinder"
    },
    "name": "org.hibernate.internal.CoreMessageLogger_$logger_en_US"
  },
  {
    "condition": {
      "typeReachable": "org.hibernate.cfg.annotations.TableBinder"
    },
    "name": "org.hibernate.internal.CoreMessageLogger_$logger_en_US"
  },
  {
    "condition": {
      "typeReachable": "org.hibernate.cfg.beanvalidation.BeanValidationIntegrator"
    },
    "name": "org.hibernate.internal.CoreMessageLogger_$logger_en_US"
  },
  {
    "condition": {
      "typeReachable": "org.hibernate.engine.config.internal.ConfigurationServiceImpl"
    },
    "name": "org.hibernate.internal.CoreMessageLogger_$logger_en_US"
  },
  {
    "condition": {
      "typeReachable": "org.hibernate.engine.internal.Collections"
    },
    "name": "org.hibernate.internal.CoreMessageLogger_$logger_en_US"
  },
  {
    "condition": {
      "typeReachable": "org.hibernate.engine.internal.StatefulPersistenceContext"
    },
    "name": "org.hibernate.internal.CoreMessageLogger_$logger_en_US"
  },
  {
    "condition": {
      "typeReachable": "org.hibernate.engine.internal.Versioning"
    },
    "name": "org.hibernate.internal.CoreMessageLogger_$logger_en_US"
  },
  {
    "condition": {
      "typeReachable": "org.hibernate.engine.jdbc.batch.internal.AbstractBatchImpl"
    },
    "name": "org.hibernate.internal.CoreMessageLogger_$logger_en_US"
  },
  {
    "condition": {
      "typeReachable": "org.hibernate.engine.jdbc.env.internal.JdbcEnvironmentInitiator"
    },
    "name": "org.hibernate.internal.CoreMessageLogger_$logger_en_US"
  },
  {
    "condition": {
      "typeReachable": "org.hibernate.engine.jdbc.env.internal.LobCreatorBuilderImpl"
    },
    "name": "org.hibernate.internal.CoreMessageLogger_$logger_en_US"
  },
  {
    "condition": {
      "typeReachable": "org.hibernate.engine.jdbc.spi.SqlExceptionHelper"
    },
    "name": "org.hibernate.internal.CoreMessageLogger_$logger_en_US"
  },
  {
    "condition": {
      "typeReachable": "org.hibernate.engine.jndi.internal.JndiServiceImpl"
    },
    "name": "org.hibernate.internal.CoreMessageLogger_$logger_en_US"
  },
  {
    "condition": {
      "typeReachable": "org.hibernate.engine.spi.CascadingActions"
    },
    "name": "org.hibernate.internal.CoreMessageLogger_$logger_en_US"
  },
  {
    "condition": {
      "typeReachable": "org.hibernate.engine.transaction.jta.platform.internal.JtaPlatformInitiator"
    },
    "name": "org.hibernate.internal.CoreMessageLogger_$logger_en_US"
  },
  {
    "condition": {
      "typeReachable": "org.hibernate.event.internal.AbstractFlushingEventListener"
    },
    "name": "org.hibernate.internal.CoreMessageLogger_$logger_en_US"
  },
  {
    "condition": {
      "typeReachable": "org.hibernate.event.internal.DefaultAutoFlushEventListener"
    },
    "name": "org.hibernate.internal.CoreMessageLogger_$logger_en_US"
  },
  {
    "condition": {
      "typeReachable": "org.hibernate.event.internal.DefaultLockEventListener"
    },
    "name": "org.hibernate.internal.CoreMessageLogger_$logger_en_US"
  },
  {
    "condition": {
      "typeReachable": "org.hibernate.id.enhanced.OptimizerFactory"
    },
    "name": "org.hibernate.internal.CoreMessageLogger_$logger_en_US"
  },
  {
    "condition": {
      "typeReachable": "org.hibernate.id.enhanced.PooledLoOptimizer"
    },
    "name": "org.hibernate.internal.CoreMessageLogger_$logger_en_US"
  },
  {
    "condition": {
      "typeReachable": "org.hibernate.id.enhanced.PooledLoThreadLocalOptimizer"
    },
    "name": "org.hibernate.internal.CoreMessageLogger_$logger_en_US"
  },
  {
    "condition": {
      "typeReachable": "org.hibernate.id.enhanced.PooledOptimizer"
    },
    "name": "org.hibernate.internal.CoreMessageLogger_$logger_en_US"
  },
  {
    "condition": {
      "typeReachable": "org.hibernate.id.enhanced.TableGenerator"
    },
    "name": "org.hibernate.internal.CoreMessageLogger_$logger_en_US"
  },
  {
    "condition": {
      "typeReachable": "org.hibernate.internal.CoreLogging"
    },
    "name": "org.hibernate.internal.CoreMessageLogger_$logger_en_US"
  },
  {
    "condition": {
      "typeReachable": "org.hibernate.persister.collection.AbstractCollectionPersister"
    },
    "name": "org.hibernate.internal.CoreMessageLogger_$logger_en_US"
  },
  {
    "condition": {
      "typeReachable": "org.hibernate.stat.internal.StatisticsInitiator"
    },
    "name": "org.hibernate.internal.CoreMessageLogger_$logger_en_US"
  },
  {
    "condition": {
      "typeReachable": "org.hibernate.type.CollectionType"
    },
    "name": "org.hibernate.internal.CoreMessageLogger_$logger_en_US"
  },
  {
    "condition": {
      "typeReachable": "org.hibernate.type.descriptor.java.DbTimestampJavaType"
    },
    "name": "org.hibernate.internal.CoreMessageLogger_$logger_en_US"
  },
  {
    "condition": {
      "typeReachable": "org.hibernate.internal.HEMLogging"
    },
    "name": "org.hibernate.internal.EntityManagerMessageLogger_$logger",
    "methods": [
      {
        "name": "<init>",
        "parameterTypes": [
          "org.jboss.logging.Logger"
        ]
      }
    ]
  },
  {
    "condition": {
      "typeReachable": "org.hibernate.jpa.internal.util.LogHelper"
    },
    "name": "org.hibernate.internal.EntityManagerMessageLogger_$logger",
    "methods": [
      {
        "name": "<init>",
        "parameterTypes": [
          "org.jboss.logging.Logger"
        ]
      }
    ]
  },
  {
    "condition": {
      "typeReachable": "org.hibernate.internal.HEMLogging"
    },
    "name": "org.hibernate.internal.EntityManagerMessageLogger_$logger_en"
  },
  {
    "condition": {
      "typeReachable": "org.hibernate.jpa.internal.util.LogHelper"
    },
    "name": "org.hibernate.internal.EntityManagerMessageLogger_$logger_en"
  },
  {
    "condition": {
      "typeReachable": "org.hibernate.internal.HEMLogging"
    },
    "name": "org.hibernate.internal.EntityManagerMessageLogger_$logger_en_US"
  },
  {
    "condition": {
      "typeReachable": "org.hibernate.jpa.internal.util.LogHelper"
    },
    "name": "org.hibernate.internal.EntityManagerMessageLogger_$logger_en_US"
  },
  {
    "condition": {
      "typeReachable": "org.hibernate.internal.log.ConnectionAccessLogger"
    },
    "name": "org.hibernate.internal.log.ConnectionAccessLogger_$logger",
    "methods": [
      {
        "name": "<init>",
        "parameterTypes": [
          "org.jboss.logging.Logger"
        ]
      }
    ]
  },
  {
    "condition": {
      "typeReachable": "org.hibernate.internal.log.ConnectionAccessLogger"
    },
    "name": "org.hibernate.internal.log.ConnectionAccessLogger_$logger_en"
  },
  {
    "condition": {
      "typeReachable": "org.hibernate.internal.log.ConnectionAccessLogger"
    },
    "name": "org.hibernate.internal.log.ConnectionAccessLogger_$logger_en_US"
  },
  {
    "condition": {
      "typeReachable": "org.hibernate.internal.log.ConnectionPoolingLogger"
    },
    "name": "org.hibernate.internal.log.ConnectionPoolingLogger_$logger",
    "methods": [
      {
        "name": "<init>",
        "parameterTypes": [
          "org.jboss.logging.Logger"
        ]
      }
    ]
  },
  {
    "condition": {
      "typeReachable": "org.hibernate.internal.log.ConnectionPoolingLogger"
    },
    "name": "org.hibernate.internal.log.ConnectionPoolingLogger_$logger_en"
  },
  {
    "condition": {
      "typeReachable": "org.hibernate.internal.log.ConnectionPoolingLogger"
    },
    "name": "org.hibernate.internal.log.ConnectionPoolingLogger_$logger_en_US"
  },
  {
    "condition": {
      "typeReachable": "org.hibernate.internal.log.DeprecationLogger"
    },
    "name": "org.hibernate.internal.log.DeprecationLogger_$logger",
    "methods": [
      {
        "name": "<init>",
        "parameterTypes": [
          "org.jboss.logging.Logger"
        ]
      }
    ]
  },
  {
    "condition": {
      "typeReachable": "org.hibernate.internal.log.DeprecationLogger"
    },
    "name": "org.hibernate.internal.log.DeprecationLogger_$logger_en"
  },
  {
    "condition": {
      "typeReachable": "org.hibernate.internal.log.DeprecationLogger"
    },
    "name": "org.hibernate.internal.log.DeprecationLogger_$logger_en_US"
  },
  {
    "condition": {
      "typeReachable": "org.hibernate.jpa.HibernatePersistenceProvider"
    },
    "name": "org.hibernate.internal.log.UrlMessageBundle_$logger",
    "methods": [
      {
        "name": "<init>",
        "parameterTypes": [
          "org.jboss.logging.Logger"
        ]
      }
    ]
  },
  {
    "condition": {
      "typeReachable": "org.hibernate.metamodel.mapping.MappingModelCreationLogger"
    },
    "name": "org.hibernate.metamodel.mapping.MappingModelCreationLogger_$logger",
    "methods": [
      {
        "name": "<init>",
        "parameterTypes": [
          "org.jboss.logging.Logger"
        ]
      }
    ]
  },
  {
    "condition": {
      "typeReachable": "org.hibernate.metamodel.mapping.MappingModelCreationLogger"
    },
    "name": "org.hibernate.metamodel.mapping.MappingModelCreationLogger_$logger_en"
  },
  {
    "condition": {
      "typeReachable": "org.hibernate.metamodel.mapping.MappingModelCreationLogger"
    },
    "name": "org.hibernate.metamodel.mapping.MappingModelCreationLogger_$logger_en_US"
  },
  {
    "condition": {
      "typeReachable": "org.hibernate.persister.internal.PersisterFactoryImpl"
    },
    "name": "org.hibernate.persister.collection.BasicCollectionPersister",
    "methods": [
      {
        "name": "<init>",
        "parameterTypes": [
          "org.hibernate.mapping.Collection",
          "org.hibernate.cache.spi.access.CollectionDataAccess",
          "org.hibernate.metamodel.spi.RuntimeModelCreationContext"
        ]
      }
    ]
  },
  {
    "condition": {
      "typeReachable": "org.hibernate.persister.internal.PersisterFactoryImpl"
    },
    "name": "org.hibernate.persister.collection.OneToManyPersister",
    "methods": [
      {
        "name": "<init>",
        "parameterTypes": [
          "org.hibernate.mapping.Collection",
          "org.hibernate.cache.spi.access.CollectionDataAccess",
          "org.hibernate.metamodel.spi.RuntimeModelCreationContext"
        ]
      }
    ]
  },
  {
    "condition": {
      "typeReachable": "org.hibernate.persister.internal.PersisterFactoryImpl"
    },
    "name": "org.hibernate.persister.entity.SingleTableEntityPersister",
    "methods": [
      {
        "name": "<init>",
        "parameterTypes": [
          "org.hibernate.mapping.PersistentClass",
          "org.hibernate.cache.spi.access.EntityDataAccess",
          "org.hibernate.cache.spi.access.NaturalIdDataAccess",
          "org.hibernate.metamodel.spi.RuntimeModelCreationContext"
        ]
      }
    ]
  },
  {
    "condition": {
      "typeReachable": "org.hibernate.metamodel.model.domain.internal.MappingMetamodelImpl"
    },
    "name": "org.hibernate.persister.internal.PersisterFactoryImpl",
    "queryAllPublicMethods": true
  },
  {
    "condition": {
      "typeReachable": "org.hibernate.persister.internal.PersisterFactoryImpl"
    },
    "name": "org.hibernate.persister.internal.StandardPersisterClassResolver",
    "queryAllPublicMethods": true
  },
  {
    "condition": {
      "typeReachable": "org.hibernate.mapping.Property"
    },
    "name": "org.hibernate.property.access.internal.PropertyAccessStrategyResolverStandardImpl",
    "queryAllPublicMethods": true
  },
  {
    "condition": {
      "typeReachable": "org.hibernate.query.QueryLogging"
    },
    "name": "org.hibernate.query.QueryLogging_$logger",
    "methods": [
      {
        "name": "<init>",
        "parameterTypes": [
          "org.jboss.logging.Logger"
        ]
      }
    ]
  },
  {
    "condition": {
      "typeReachable": "org.hibernate.query.QueryLogging"
    },
    "name": "org.hibernate.query.QueryLogging_$logger_en"
  },
  {
    "condition": {
      "typeReachable": "org.hibernate.query.QueryLogging"
    },
    "name": "org.hibernate.query.QueryLogging_$logger_en_US"
  },
  {
    "condition": {
      "typeReachable": "org.hibernate.query.hql.HqlLogging"
    },
    "name": "org.hibernate.query.hql.HqlLogging_$logger",
    "methods": [
      {
        "name": "<init>",
        "parameterTypes": [
          "org.jboss.logging.Logger"
        ]
      }
    ]
  },
  {
    "condition": {
      "typeReachable": "org.hibernate.query.hql.HqlLogging"
    },
    "name": "org.hibernate.query.hql.HqlLogging_$logger_en"
  },
  {
    "condition": {
      "typeReachable": "org.hibernate.query.hql.HqlLogging"
    },
    "name": "org.hibernate.query.hql.HqlLogging_$logger_en_US"
  },
  {
    "condition": {
      "typeReachable": "org.hibernate.id.factory.internal.StandardIdentifierGeneratorFactory"
    },
    "name": "org.hibernate.resource.beans.internal.ManagedBeanRegistryImpl",
    "queryAllPublicMethods": true
  },
  {
    "condition": {
      "typeReachable": "org.hibernate.boot.internal.SessionFactoryOptionsBuilder"
    },
    "name": "org.hibernate.resource.transaction.backend.jdbc.internal.JdbcResourceLocalTransactionCoordinatorBuilderImpl",
    "queryAllPublicMethods": true
  },
  {
    "condition": {
      "typeReachable": "org.hibernate.resource.transaction.internal.TransactionCoordinatorBuilderInitiator"
    },
    "name": "org.hibernate.resource.transaction.backend.jdbc.internal.JdbcResourceLocalTransactionCoordinatorBuilderImpl",
    "methods": [
      {
        "name": "<init>",
        "parameterTypes": []
      }
    ]
  },
  {
    "condition": {
      "typeReachable": "org.hibernate.internal.SessionFactoryImpl"
    },
    "name": "org.hibernate.service.internal.SessionFactoryServiceRegistryFactoryImpl",
    "queryAllPublicMethods": true
  },
  {
    "condition": {
      "typeReachable": "org.hibernate.sql.ast.tree.SqlAstTreeLogger"
    },
    "name": "org.hibernate.sql.ast.tree.SqlAstTreeLogger_$logger",
    "methods": [
      {
        "name": "<init>",
        "parameterTypes": [
          "org.jboss.logging.Logger"
        ]
      }
    ]
  },
  {
    "condition": {
      "typeReachable": "org.hibernate.sql.ast.tree.SqlAstTreeLogger"
    },
    "name": "org.hibernate.sql.ast.tree.SqlAstTreeLogger_$logger_en"
  },
  {
    "condition": {
      "typeReachable": "org.hibernate.sql.ast.tree.SqlAstTreeLogger"
    },
    "name": "org.hibernate.sql.ast.tree.SqlAstTreeLogger_$logger_en_US"
  },
  {
    "condition": {
      "typeReachable": "org.hibernate.sql.exec.SqlExecLogger"
    },
    "name": "org.hibernate.sql.exec.SqlExecLogger_$logger",
    "methods": [
      {
        "name": "<init>",
        "parameterTypes": [
          "org.jboss.logging.Logger"
        ]
      }
    ]
  },
  {
    "condition": {
      "typeReachable": "org.hibernate.sql.exec.SqlExecLogger"
    },
    "name": "org.hibernate.sql.exec.SqlExecLogger_$logger_en"
  },
  {
    "condition": {
      "typeReachable": "org.hibernate.sql.exec.SqlExecLogger"
    },
    "name": "org.hibernate.sql.exec.SqlExecLogger_$logger_en_US"
  },
  {
    "condition": {
      "typeReachable": "org.hibernate.sql.results.LoadingLogger"
    },
    "name": "org.hibernate.sql.results.LoadingLogger_$logger",
    "methods": [
      {
        "name": "<init>",
        "parameterTypes": [
          "org.jboss.logging.Logger"
        ]
      }
    ]
  },
  {
    "condition": {
      "typeReachable": "org.hibernate.sql.results.LoadingLogger"
    },
    "name": "org.hibernate.sql.results.LoadingLogger_$logger_en"
  },
  {
    "condition": {
      "typeReachable": "org.hibernate.sql.results.LoadingLogger"
    },
    "name": "org.hibernate.sql.results.LoadingLogger_$logger_en_US"
  },
  {
    "condition": {
      "typeReachable": "org.hibernate.sql.results.ResultsLogger"
    },
    "name": "org.hibernate.sql.results.ResultsLogger_$logger",
    "methods": [
      {
        "name": "<init>",
        "parameterTypes": [
          "org.jboss.logging.Logger"
        ]
      }
    ]
  },
  {
    "condition": {
      "typeReachable": "org.hibernate.sql.results.ResultsLogger"
    },
    "name": "org.hibernate.sql.results.ResultsLogger_$logger_en"
  },
  {
    "condition": {
      "typeReachable": "org.hibernate.sql.results.ResultsLogger"
    },
    "name": "org.hibernate.sql.results.ResultsLogger_$logger_en_US"
  },
  {
    "condition": {
      "typeReachable": "org.hibernate.internal.SessionFactoryImpl"
    },
    "name": "org.hibernate.stat.internal.StatisticsImpl",
    "queryAllPublicMethods": true
  },
  {
    "condition": {
      "typeReachable": "org.hibernate.tool.schema.spi.SchemaManagementToolCoordinator"
    },
    "name": "org.hibernate.tool.schema.internal.HibernateSchemaManagementTool",
    "queryAllPublicMethods": true
  },
  {
    "condition": {
      "typeReachable": "org.hibernate.tool.schema.internal.SchemaCreatorImpl"
    },
    "name": "org.hibernate.tool.schema.internal.script.SingleLineSqlScriptExtractor",
    "queryAllPublicMethods": true
  },
  {
    "condition": {
      "typeReachable": "org.hibernate.type.descriptor.JdbcTypeNameMapper"
    },
    "name": "org.hibernate.type.SqlTypes",
    "allPublicFields": true
  },
  {
    "condition": {
      "typeReachable": "org.hibernate.jpa.HibernatePersistenceProvider"
    },
    "name": "org.jboss.logmanager.LogManager"
  },
  {
    "condition": {
      "typeReachable": "org.hibernate.engine.transaction.jta.platform.internal.StandardJtaPlatformResolver"
    },
    "name": "org.objectweb.jonas_tm.Current"
  },
  {
    "condition": {
      "typeReachable": "org.hibernate.engine.transaction.jta.platform.internal.StandardJtaPlatformResolver"
    },
    "name": "org.objectweb.jotm.Current"
  },
  {
    "condition": {
      "typeReachable": "org.hibernate.dialect.PostgreSQLIntervalSecondJdbcType"
    },
    "name": "org.postgresql.util.PGInterval",
    "methods": [
      {
        "name": "<init>",
        "parameterTypes": [
          "int",
          "int",
          "int",
          "int",
          "int",
          "double"
        ]
      },
      {
        "name": "getDays",
        "parameterTypes": []
      },
      {
        "name": "getHours",
        "parameterTypes": []
      },
      {
        "name": "getMicroSeconds",
        "parameterTypes": []
      },
      {
        "name": "getMinutes",
        "parameterTypes": []
      },
      {
        "name": "getWholeSeconds",
        "parameterTypes": []
      }
    ]
  },
  {
    "condition": {
      "typeReachable": "org.hibernate.dialect.PostgreSQLPGObjectJdbcType"
    },
    "name": "org.postgresql.util.PGobject",
    "queryAllDeclaredMethods": true,
    "methods": [
      {
        "name": "<init>",
        "parameterTypes": []
      }
    ]
  },
  {
    "condition": {
      "typeReachable": "org.hibernate.engine.jdbc.spi.SqlStatementLogger"
    },
    "name": "org.slf4j.spi.LocationAwareLogger",
    "methods": [
      {
        "name": "log",
        "parameterTypes": [
          "org.slf4j.Marker",
          "java.lang.String",
          "int",
          "java.lang.String",
          "java.lang.Object[]",
          "java.lang.Throwable"
        ]
      }
    ]
  },
  {
    "condition": {
      "typeReachable": "org.hibernate.jpa.HibernatePersistenceProvider"
    },
    "name": "org.slf4j.spi.LocationAwareLogger",
    "queryAllDeclaredMethods": true
  },
  {
    "condition": {
      "typeReachable": "org.hibernate.engine.transaction.jta.platform.internal.StandardJtaPlatformResolver"
    },
    "name": "org.wildfly.transaction.client.ContextTransactionManager"
  },
  {
    "condition": {
      "typeReachable": "org.hibernate.annotations.common.reflection.java.JavaXClass"
    },
    "name": "org_hibernate.hibernate_core.entity.Course",
    "allDeclaredFields": true,
    "queryAllDeclaredMethods": true
  },
  {
    "condition": {
      "typeReachable": "org.hibernate.boot.internal.ClassLoaderAccessImpl"
    },
    "name": "org_hibernate.hibernate_core.entity.Course"
  },
  {
    "condition": {
      "typeReachable": "org.hibernate.boot.model.source.internal.annotations.AnnotationMetadataSourceProcessorImpl"
    },
    "name": "org_hibernate.hibernate_core.entity.Course"
  },
  {
    "condition": {
      "typeReachable": "org.hibernate.cfg.InheritanceState"
    },
    "name": "org_hibernate.hibernate_core.entity.Course",
    "queryAllDeclaredMethods": true
  },
  {
    "condition": {
      "typeReachable": "org.hibernate.cfg.PropertyContainer"
    },
    "name": "org_hibernate.hibernate_core.entity.Course",
    "queryAllDeclaredMethods": true
  },
  {
    "condition": {
      "typeReachable": "org.hibernate.internal.util.ReflectHelper"
    },
    "name": "org_hibernate.hibernate_core.entity.Course",
    "fields": [],
    "methods": [
      {
        "name": "<init>",
        "parameterTypes": []
      },
      {
        "name": "getId",
        "parameterTypes": []
      },
      {
        "name": "setId",
        "parameterTypes": [
          "java.lang.Long"
        ]
      }
    ]
  },
  {
    "condition": {
      "typeReachable": "org.hibernate.loader.ast.internal.CollectionLoaderSingleKey"
    },
    "name": "org_hibernate.hibernate_core.entity.Course",
    "methods": [
      {
        "name": "<init>",
        "parameterTypes": []
      }
    ]
  },
  {
    "condition": {
      "typeReachable": "org.hibernate.mapping.Property"
    },
    "name": "org_hibernate.hibernate_core.entity.Course",
    "queryAllDeclaredMethods": true,
    "fields": [
      {
        "name": "material"
      },
      {
        "name": "students"
      },
      {
        "name": "teacher"
      },
      {
        "name": "title"
      }
    ]
  },
  {
    "condition": {
      "typeReachable": "org.hibernate.metamodel.internal.EntityRepresentationStrategyPojoStandard"
    },
    "name": "org_hibernate.hibernate_core.entity.Course",
    "queryAllDeclaredMethods": true,
    "fields": [
      {
        "name": "id"
      },
      {
        "name": "material"
      },
      {
        "name": "students"
      },
      {
        "name": "teacher"
      },
      {
        "name": "title"
      }
    ]
  },
  {
    "condition": {
      "typeReachable": "org.hibernate.persister.entity.AbstractEntityPersister"
    },
    "name": "org_hibernate.hibernate_core.entity.Course",
    "methods": [
      {
        "name": "<init>",
        "parameterTypes": []
      }
    ]
  },
  {
    "condition": {
      "typeReachable": "org.hibernate.property.access.internal.PropertyAccessFieldImpl"
    },
    "name": "org_hibernate.hibernate_core.entity.Course",
    "fields": []
  },
  {
    "condition": {
      "typeReachable": "org.hibernate.property.access.internal.PropertyAccessStrategyFieldImpl"
    },
    "name": "org_hibernate.hibernate_core.entity.Course",
    "fields": []
  },
  {
    "condition": {
      "typeReachable": "org.hibernate.property.access.spi.GetterFieldImpl"
    },
    "name": "org_hibernate.hibernate_core.entity.Course"
  },
  {
    "condition": {
      "typeReachable": "org.hibernate.property.access.spi.SetterFieldImpl"
    },
    "name": "org_hibernate.hibernate_core.entity.Course"
  },
  {
    "condition": {
      "typeReachable": "org.hibernate.query.sqm.internal.ConcreteSqmSelectQueryPlan"
    },
    "name": "org_hibernate.hibernate_core.entity.Course",
    "methods": [
      {
        "name": "<init>",
        "parameterTypes": []
      }
    ]
  },
  {
    "condition": {
      "typeReachable": "org.hibernate.annotations.common.reflection.java.JavaXClass"
    },
    "name": "org_hibernate.hibernate_core.entity.CourseMaterial",
    "allDeclaredFields": true,
    "queryAllDeclaredMethods": true
  },
  {
    "condition": {
      "typeReachable": "org.hibernate.boot.internal.ClassLoaderAccessImpl"
    },
    "name": "org_hibernate.hibernate_core.entity.CourseMaterial"
  },
  {
    "condition": {
      "typeReachable": "org.hibernate.boot.model.source.internal.annotations.AnnotationMetadataSourceProcessorImpl"
    },
    "name": "org_hibernate.hibernate_core.entity.CourseMaterial"
  },
  {
    "condition": {
      "typeReachable": "org.hibernate.cfg.InheritanceState"
    },
    "name": "org_hibernate.hibernate_core.entity.CourseMaterial",
    "queryAllDeclaredMethods": true
  },
  {
    "condition": {
      "typeReachable": "org.hibernate.cfg.PropertyContainer"
    },
    "name": "org_hibernate.hibernate_core.entity.CourseMaterial",
    "queryAllDeclaredMethods": true
  },
  {
    "condition": {
      "typeReachable": "org.hibernate.internal.util.ReflectHelper"
    },
    "name": "org_hibernate.hibernate_core.entity.CourseMaterial",
    "fields": [],
    "methods": [
      {
        "name": "<init>",
        "parameterTypes": []
      },
      {
        "name": "getId",
        "parameterTypes": []
      },
      {
        "name": "setId",
        "parameterTypes": [
          "java.lang.Long"
        ]
      }
    ]
  },
  {
    "condition": {
      "typeReachable": "org.hibernate.loader.ast.internal.CollectionLoaderSingleKey"
    },
    "name": "org_hibernate.hibernate_core.entity.CourseMaterial",
    "methods": [
      {
        "name": "<init>",
        "parameterTypes": []
      }
    ]
  },
  {
    "condition": {
      "typeReachable": "org.hibernate.loader.ast.internal.SingleUniqueKeyEntityLoaderStandard"
    },
    "name": "org_hibernate.hibernate_core.entity.CourseMaterial",
    "methods": [
      {
        "name": "<init>",
        "parameterTypes": []
      }
    ]
  },
  {
    "condition": {
      "typeReachable": "org.hibernate.mapping.Property"
    },
    "name": "org_hibernate.hibernate_core.entity.CourseMaterial",
    "queryAllDeclaredMethods": true,
    "fields": [
      {
        "name": "course"
      },
      {
        "name": "url"
      }
    ]
  },
  {
    "condition": {
      "typeReachable": "org.hibernate.metamodel.internal.EntityRepresentationStrategyPojoStandard"
    },
    "name": "org_hibernate.hibernate_core.entity.CourseMaterial",
    "queryAllDeclaredMethods": true,
    "fields": [
      {
        "name": "course"
      },
      {
        "name": "id"
      },
      {
        "name": "url"
      }
    ]
  },
  {
    "condition": {
      "typeReachable": "org.hibernate.persister.entity.AbstractEntityPersister"
    },
    "name": "org_hibernate.hibernate_core.entity.CourseMaterial",
    "methods": [
      {
        "name": "<init>",
        "parameterTypes": []
      }
    ]
  },
  {
    "condition": {
      "typeReachable": "org.hibernate.property.access.internal.PropertyAccessFieldImpl"
    },
    "name": "org_hibernate.hibernate_core.entity.CourseMaterial",
    "fields": []
  },
  {
    "condition": {
      "typeReachable": "org.hibernate.property.access.internal.PropertyAccessStrategyFieldImpl"
    },
    "name": "org_hibernate.hibernate_core.entity.CourseMaterial",
    "fields": []
  },
  {
    "condition": {
      "typeReachable": "org.hibernate.property.access.spi.GetterFieldImpl"
    },
    "name": "org_hibernate.hibernate_core.entity.CourseMaterial"
  },
  {
    "condition": {
      "typeReachable": "org.hibernate.property.access.spi.SetterFieldImpl"
    },
    "name": "org_hibernate.hibernate_core.entity.CourseMaterial"
  },
  {
    "condition": {
      "typeReachable": "org.hibernate.metamodel.internal.MetadataContext"
    },
    "name": "org_hibernate.hibernate_core.entity.CourseMaterial_"
  },
  {
    "condition": {
      "typeReachable": "org.hibernate.metamodel.internal.MetadataContext"
    },
    "name": "org_hibernate.hibernate_core.entity.Course_"
  },
  {
    "condition": {
      "typeReachable": "org.hibernate.boot.registry.classloading.spi.ClassLoaderService"
    },
    "name": "org_hibernate.hibernate_core.entity.Gender"
  },
  {
    "condition": {
      "typeReachable": "org.hibernate.annotations.common.reflection.java.JavaXClass"
    },
    "name": "org_hibernate.hibernate_core.entity.Student",
    "allDeclaredFields": true,
    "queryAllDeclaredMethods": true
  },
  {
    "condition": {
      "typeReachable": "org.hibernate.boot.internal.ClassLoaderAccessImpl"
    },
    "name": "org_hibernate.hibernate_core.entity.Student"
  },
  {
    "condition": {
      "typeReachable": "org.hibernate.boot.model.source.internal.annotations.AnnotationMetadataSourceProcessorImpl"
    },
    "name": "org_hibernate.hibernate_core.entity.Student"
  },
  {
    "condition": {
      "typeReachable": "org.hibernate.cfg.InheritanceState"
    },
    "name": "org_hibernate.hibernate_core.entity.Student",
    "queryAllDeclaredMethods": true
  },
  {
    "condition": {
      "typeReachable": "org.hibernate.cfg.PropertyContainer"
    },
    "name": "org_hibernate.hibernate_core.entity.Student",
    "queryAllDeclaredMethods": true
  },
  {
    "condition": {
      "typeReachable": "org.hibernate.internal.util.ReflectHelper"
    },
    "name": "org_hibernate.hibernate_core.entity.Student",
    "fields": [],
    "methods": [
      {
        "name": "<init>",
        "parameterTypes": []
      },
      {
        "name": "getId",
        "parameterTypes": []
      },
      {
        "name": "setId",
        "parameterTypes": [
          "java.lang.Long"
        ]
      }
    ]
  },
  {
    "condition": {
      "typeReachable": "org.hibernate.loader.ast.internal.SingleIdLoadPlan"
    },
    "name": "org_hibernate.hibernate_core.entity.Student",
    "methods": [
      {
        "name": "<init>",
        "parameterTypes": []
      }
    ]
  },
  {
    "condition": {
      "typeReachable": "org.hibernate.mapping.Property"
    },
    "name": "org_hibernate.hibernate_core.entity.Student",
    "queryAllDeclaredMethods": true,
    "fields": [
      {
        "name": "age"
      },
      {
        "name": "birthDate"
      },
      {
        "name": "firstName"
      },
      {
        "name": "gender"
      },
      {
        "name": "lastName"
      }
    ]
  },
  {
    "condition": {
      "typeReachable": "org.hibernate.metamodel.internal.EntityRepresentationStrategyPojoStandard"
    },
    "name": "org_hibernate.hibernate_core.entity.Student",
    "queryAllDeclaredMethods": true,
    "fields": [
      {
        "name": "age"
      },
      {
        "name": "birthDate"
      },
      {
        "name": "firstName"
      },
      {
        "name": "gender"
      },
      {
        "name": "id"
      },
      {
        "name": "lastName"
      }
    ]
  },
  {
    "condition": {
      "typeReachable": "org.hibernate.persister.entity.AbstractEntityPersister"
    },
    "name": "org_hibernate.hibernate_core.entity.Student",
    "methods": [
      {
        "name": "<init>",
        "parameterTypes": []
      }
    ]
  },
  {
    "condition": {
      "typeReachable": "org.hibernate.property.access.internal.PropertyAccessFieldImpl"
    },
    "name": "org_hibernate.hibernate_core.entity.Student",
    "fields": []
  },
  {
    "condition": {
      "typeReachable": "org.hibernate.property.access.internal.PropertyAccessStrategyFieldImpl"
    },
    "name": "org_hibernate.hibernate_core.entity.Student",
    "fields": []
  },
  {
    "condition": {
      "typeReachable": "org.hibernate.property.access.spi.GetterFieldImpl"
    },
    "name": "org_hibernate.hibernate_core.entity.Student"
  },
  {
    "condition": {
      "typeReachable": "org.hibernate.property.access.spi.SetterFieldImpl"
    },
    "name": "org_hibernate.hibernate_core.entity.Student"
  },
  {
    "condition": {
      "typeReachable": "org.hibernate.query.sqm.internal.ConcreteSqmSelectQueryPlan"
    },
    "name": "org_hibernate.hibernate_core.entity.Student",
    "methods": [
      {
        "name": "<init>",
        "parameterTypes": []
      }
    ]
  },
  {
    "condition": {
      "typeReachable": "org.hibernate.metamodel.internal.MetadataContext"
    },
    "name": "org_hibernate.hibernate_core.entity.Student_"
  },
  {
    "condition": {
      "typeReachable": "org.hibernate.annotations.common.reflection.java.JavaXClass"
    },
    "name": "org_hibernate.hibernate_core.entity.Teacher",
    "allDeclaredFields": true,
    "queryAllDeclaredMethods": true
  },
  {
    "condition": {
      "typeReachable": "org.hibernate.boot.internal.ClassLoaderAccessImpl"
    },
    "name": "org_hibernate.hibernate_core.entity.Teacher"
  },
  {
    "condition": {
      "typeReachable": "org.hibernate.boot.model.source.internal.annotations.AnnotationMetadataSourceProcessorImpl"
    },
    "name": "org_hibernate.hibernate_core.entity.Teacher"
  },
  {
    "condition": {
      "typeReachable": "org.hibernate.cfg.InheritanceState"
    },
    "name": "org_hibernate.hibernate_core.entity.Teacher",
    "queryAllDeclaredMethods": true
  },
  {
    "condition": {
      "typeReachable": "org.hibernate.cfg.PropertyContainer"
    },
    "name": "org_hibernate.hibernate_core.entity.Teacher",
    "queryAllDeclaredMethods": true
  },
  {
    "condition": {
      "typeReachable": "org.hibernate.internal.util.ReflectHelper"
    },
    "name": "org_hibernate.hibernate_core.entity.Teacher",
    "fields": [],
    "methods": [
      {
        "name": "<init>",
        "parameterTypes": []
      },
      {
        "name": "getId",
        "parameterTypes": []
      },
      {
        "name": "setId",
        "parameterTypes": [
          "java.lang.Long"
        ]
      }
    ]
  },
  {
    "condition": {
      "typeReachable": "org.hibernate.loader.ast.internal.SingleIdLoadPlan"
    },
    "name": "org_hibernate.hibernate_core.entity.Teacher",
    "methods": [
      {
        "name": "<init>",
        "parameterTypes": []
      }
    ]
  },
  {
    "condition": {
      "typeReachable": "org.hibernate.loader.ast.internal.SingleUniqueKeyEntityLoaderStandard"
    },
    "name": "org_hibernate.hibernate_core.entity.Teacher",
    "methods": [
      {
        "name": "<init>",
        "parameterTypes": []
      }
    ]
  },
  {
    "condition": {
      "typeReachable": "org.hibernate.mapping.Property"
    },
    "name": "org_hibernate.hibernate_core.entity.Teacher",
    "queryAllDeclaredMethods": true,
    "fields": [
      {
        "name": "courses"
      },
      {
        "name": "firstName"
      },
      {
        "name": "lastName"
      }
    ]
  },
  {
    "condition": {
      "typeReachable": "org.hibernate.metamodel.internal.EntityRepresentationStrategyPojoStandard"
    },
    "name": "org_hibernate.hibernate_core.entity.Teacher",
    "queryAllDeclaredMethods": true,
    "fields": [
      {
        "name": "courses"
      },
      {
        "name": "firstName"
      },
      {
        "name": "id"
      },
      {
        "name": "lastName"
      }
    ]
  },
  {
    "condition": {
      "typeReachable": "org.hibernate.persister.entity.AbstractEntityPersister"
    },
    "name": "org_hibernate.hibernate_core.entity.Teacher",
    "methods": [
      {
        "name": "<init>",
        "parameterTypes": []
      }
    ]
  },
  {
    "condition": {
      "typeReachable": "org.hibernate.property.access.internal.PropertyAccessFieldImpl"
    },
    "name": "org_hibernate.hibernate_core.entity.Teacher",
    "fields": []
  },
  {
    "condition": {
      "typeReachable": "org.hibernate.property.access.internal.PropertyAccessStrategyFieldImpl"
    },
    "name": "org_hibernate.hibernate_core.entity.Teacher",
    "fields": []
  },
  {
    "condition": {
      "typeReachable": "org.hibernate.property.access.spi.GetterFieldImpl"
    },
    "name": "org_hibernate.hibernate_core.entity.Teacher"
  },
  {
    "condition": {
      "typeReachable": "org.hibernate.property.access.spi.SetterFieldImpl"
    },
    "name": "org_hibernate.hibernate_core.entity.Teacher"
  },
  {
    "condition": {
      "typeReachable": "org.hibernate.metamodel.internal.MetadataContext"
    },
    "name": "org_hibernate.hibernate_core.entity.Teacher_"
  },
  {
    "condition": {
      "typeReachable": "org.hibernate.boot.model.naming.NamingHelper"
    },
    "name": "sun.security.provider.MD5",
    "methods": [
      {
        "name": "<init>",
        "parameterTypes": []
      }
    ]
  },
  {
    "condition": {
      "typeReachable": "org.hibernate.mapping.Constraint"
    },
    "name": "sun.security.provider.MD5",
    "methods": [
      {
        "name": "<init>",
        "parameterTypes": []
      }
    ]
  },
  {
    "condition": {
      "typeReachable": "org.hibernate.id.uuid.LocalObjectUuidHelper"
    },
    "name": "sun.security.provider.NativePRNG",
    "methods": [
      {
        "name": "<init>",
        "parameterTypes": []
      },
      {
        "name": "<init>",
        "parameterTypes": [
          "java.security.SecureRandomParameters"
        ]
      }
    ]
  },
  {
    "condition": {
      "typeReachable": "org.hibernate.id.uuid.LocalObjectUuidHelper"
    },
    "name": "sun.security.provider.SHA",
    "methods": [
      {
        "name": "<init>",
        "parameterTypes": []
      }
    ]
  }
]
