{
  "resources": {
    "includes": [
      {
        "condition": {
          "typeReachable": "org.hibernate.boot.registry.classloading.internal.ClassLoaderServiceImpl"
        },
        "pattern": "\\QMETA-INF/persistence.xml\\E"
      },
      {
        "condition": {
          "typeReachable": "org.hibernate.jpa.HibernatePersistenceProvider"
        },
        "pattern": "\\QMETA-INF/services/ch.qos.logback.classic.spi.Configurator\\E"
      },
      {
        "condition": {
          "typeReachable": "org.hibernate.jpa.HibernatePersistenceProvider"
        },
        "pattern": "\\QMETA-INF/services/org.slf4j.spi.SLF4JServiceProvider\\E"
      },
      {
        "condition": {
          "typeReachable": "org.hibernate.internal.util.ConfigHelper"
        },
        "pattern": "\\Qhibernate.properties\\E"
      },
      {
        "condition": {
          "typeReachable": "org.hibernate.jpa.HibernatePersistenceProvider"
        },
        "pattern": "\\Qlogback.xml\\E"
      },
      {
        "condition": {
          "typeReachable": "org.hibernate.engine.jdbc.connections.internal.DriverConnectionCreator"
        },
        "pattern": "\\Qorg/h2/util/data.zip\\E"
      },
      {
        "condition": {
          "typeReachable": "org.hibernate.boot.jaxb.internal.stax.LocalSchemaLocator"
        },
        "pattern": "\\Qorg/hibernate/hibernate-configuration-3.0.dtd\\E"
      },
      {
        "condition": {
          "typeReachable": "org.hibernate.boot.jaxb.internal.stax.LocalSchemaLocator"
        },
        "pattern": "\\Qorg/hibernate/hibernate-mapping-3.0.dtd\\E"
      },
      {
        "condition": {
          "typeReachable": "org.hibernate.boot.xsd.LocalXsdResolver"
        },
        "pattern": "\\Qorg/hibernate/jpa/persistence_2_0.xsd\\E"
      },
      {
        "condition": {
          "typeReachable": "org.hibernate.boot.model.process.internal.ScanningCoordinator"
        },
        "pattern": "\\Qorg_hibernate/hibernate_core/entity/Course.class\\E"
      },
      {
        "condition": {
          "typeReachable": "org.hibernate.boot.model.process.internal.ScanningCoordinator"
        },
        "pattern": "\\Qorg_hibernate/hibernate_core/entity/CourseMaterial.class\\E"
      },
      {
        "condition": {
          "typeReachable": "org.hibernate.boot.model.process.internal.ScanningCoordinator"
        },
        "pattern": "\\Qorg_hibernate/hibernate_core/entity/Student.class\\E"
      },
      {
        "condition": {
          "typeReachable": "org.hibernate.boot.model.process.internal.ScanningCoordinator"
        },
        "pattern": "\\Qorg_hibernate/hibernate_core/entity/Teacher.class\\E"
      }
    ]
  },
  "bundles": [
    {
      "name": "com.sun.org.apache.xerces.internal.impl.xpath.regex.message",
      "locales": [
        "und"
      ]
    }
  ]
}
