{
  "resources": {
    "includes": [
      {
        "condition": {
          "typeReachable": "org.eclipse.jetty.xml.BaseClassCatalog$CatalogReader"
        },
        "pattern": "\\Qjakarta/servlet/resources/j2ee_1_4.xsd\\E"
      },
      {
        "condition": {
          "typeReachable": "org.eclipse.jetty.xml.BaseClassCatalog$CatalogReader"
        },
        "pattern": "\\Qjakarta/servlet/resources/j2ee_web_services_client_1_1.xsd\\E"
      },
      {
        "condition": {
          "typeReachable": "org.eclipse.jetty.xml.BaseClassCatalog$CatalogReader"
        },
        "pattern": "\\Qjakarta/servlet/resources/jakartaee_9.xsd\\E"
      },
      {
        "condition": {
          "typeReachable": "org.eclipse.jetty.xml.BaseClassCatalog$CatalogReader"
        },
        "pattern": "\\Qjakarta/servlet/resources/jakartaee_web_services_client_2_0.xsd\\E"
      },
      {
        "condition": {
          "typeReachable": "org.eclipse.jetty.xml.BaseClassCatalog$CatalogReader"
        },
        "pattern": "\\Qjakarta/servlet/resources/javaee_5.xsd\\E"
      },
      {
        "condition": {
          "typeReachable": "org.eclipse.jetty.xml.BaseClassCatalog$CatalogReader"
        },
        "pattern": "\\Qjakarta/servlet/resources/javaee_6.xsd\\E"
      },
      {
        "condition": {
          "typeReachable": "org.eclipse.jetty.xml.BaseClassCatalog$CatalogReader"
        },
        "pattern": "\\Qjakarta/servlet/resources/javaee_7.xsd\\E"
      },
      {
        "condition": {
          "typeReachable": "org.eclipse.jetty.xml.BaseClassCatalog$CatalogReader"
        },
        "pattern": "\\Qjakarta/servlet/resources/javaee_8.xsd\\E"
      },
      {
        "condition": {
          "typeReachable": "org.eclipse.jetty.xml.BaseClassCatalog$CatalogReader"
        },
        "pattern": "\\Qjakarta/servlet/resources/javaee_web_services_client_1_2.xsd\\E"
      },
      {
        "condition": {
          "typeReachable": "org.eclipse.jetty.xml.BaseClassCatalog$CatalogReader"
        },
        "pattern": "\\Qjakarta/servlet/resources/javaee_web_services_client_1_3.xsd\\E"
      },
      {
        "condition": {
          "typeReachable": "org.eclipse.jetty.xml.BaseClassCatalog$CatalogReader"
        },
        "pattern": "\\Qjakarta/servlet/resources/javaee_web_services_client_1_4.xsd\\E"
      },
      {
        "condition": {
          "typeReachable": "org.eclipse.jetty.xml.BaseClassCatalog$CatalogReader"
        },
        "pattern": "\\Qjakarta/servlet/resources/web-app_2_2.dtd\\E"
      },
      {
        "condition": {
          "typeReachable": "org.eclipse.jetty.xml.BaseClassCatalog$CatalogReader"
        },
        "pattern": "\\Qjakarta/servlet/resources/web-app_2_3.dtd\\E"
      },
      {
        "condition": {
          "typeReachable": "org.eclipse.jetty.xml.BaseClassCatalog$CatalogReader"
        },
        "pattern": "\\Qjakarta/servlet/resources/web-app_2_4.xsd\\E"
      },
      {
        "condition": {
          "typeReachable": "org.eclipse.jetty.xml.BaseClassCatalog$CatalogReader"
        },
        "pattern": "\\Qjakarta/servlet/resources/web-app_2_5.xsd\\E"
      },
      {
        "condition": {
          "typeReachable": "org.eclipse.jetty.xml.BaseClassCatalog$CatalogReader"
        },
        "pattern": "\\Qjakarta/servlet/resources/web-app_3_0.xsd\\E"
      },
      {
        "condition": {
          "typeReachable": "org.eclipse.jetty.xml.BaseClassCatalog$CatalogReader"
        },
        "pattern": "\\Qjakarta/servlet/resources/web-app_3_1.xsd\\E"
      },
      {
        "condition": {
          "typeReachable": "org.eclipse.jetty.xml.BaseClassCatalog$CatalogReader"
        },
        "pattern": "\\Qjakarta/servlet/resources/web-app_4_0.xsd\\E"
      },
      {
        "condition": {
          "typeReachable": "org.eclipse.jetty.xml.BaseClassCatalog$CatalogReader"
        },
        "pattern": "\\Qjakarta/servlet/resources/web-app_5_0.xsd\\E"
      },
      {
        "condition": {
          "typeReachable": "org.eclipse.jetty.xml.BaseClassCatalog$CatalogReader"
        },
        "pattern": "\\Qjakarta/servlet/resources/web-app_6_0.xsd\\E"
      },
      {
        "condition": {
          "typeReachable": "org.eclipse.jetty.xml.BaseClassCatalog$CatalogReader"
        },
        "pattern": "\\Qjakarta/servlet/resources/web-app_6_1.xsd\\E"
      },
      {
        "condition": {
          "typeReachable": "org.eclipse.jetty.xml.BaseClassCatalog$CatalogReader"
        },
        "pattern": "\\Qjakarta/servlet/resources/web-common_3_0.xsd\\E"
      },
      {
        "condition": {
          "typeReachable": "org.eclipse.jetty.xml.BaseClassCatalog$CatalogReader"
        },
        "pattern": "\\Qjakarta/servlet/resources/web-common_3_1.xsd\\E"
      },
      {
        "condition": {
          "typeReachable": "org.eclipse.jetty.xml.BaseClassCatalog$CatalogReader"
        },
        "pattern": "\\Qjakarta/servlet/resources/web-common_4_0.xsd\\E"
      },
      {
        "condition": {
          "typeReachable": "org.eclipse.jetty.xml.BaseClassCatalog$CatalogReader"
        },
        "pattern": "\\Qjakarta/servlet/resources/web-common_5_0.xsd\\E"
      },
      {
        "condition": {
          "typeReachable": "org.eclipse.jetty.xml.BaseClassCatalog$CatalogReader"
        },
        "pattern": "\\Qjakarta/servlet/resources/web-common_6_0.xsd\\E"
      },
      {
        "condition": {
          "typeReachable": "org.eclipse.jetty.xml.BaseClassCatalog$CatalogReader"
        },
        "pattern": "\\Qjakarta/servlet/resources/web-common_6_1.xsd\\E"
      },
      {
        "condition": {
          "typeReachable": "org.eclipse.jetty.xml.BaseClassCatalog$CatalogReader"
        },
        "pattern": "\\Qjakarta/servlet/resources/web-fragment_3_0.xsd\\E"
      },
      {
        "condition": {
          "typeReachable": "org.eclipse.jetty.xml.BaseClassCatalog$CatalogReader"
        },
        "pattern": "\\Qjakarta/servlet/resources/web-fragment_3_1.xsd\\E"
      },
      {
        "condition": {
          "typeReachable": "org.eclipse.jetty.xml.BaseClassCatalog$CatalogReader"
        },
        "pattern": "\\Qjakarta/servlet/resources/web-fragment_4_0.xsd\\E"
      },
      {
        "condition": {
          "typeReachable": "org.eclipse.jetty.xml.BaseClassCatalog$CatalogReader"
        },
        "pattern": "\\Qjakarta/servlet/resources/web-fragment_5_0.xsd\\E"
      },
      {
        "condition": {
          "typeReachable": "org.eclipse.jetty.xml.BaseClassCatalog$CatalogReader"
        },
        "pattern": "\\Qjakarta/servlet/resources/web-fragment_6_0.xsd\\E"
      },
      {
        "condition": {
          "typeReachable": "org.eclipse.jetty.xml.BaseClassCatalog$CatalogReader"
        },
        "pattern": "\\Qjakarta/servlet/resources/web-fragment_6_1.xsd\\E"
      },
      {
        "condition": {
          "typeReachable": "org.eclipse.jetty.ee10.webapp.WebDescriptor$WebDescriptorParser"
        },
        "pattern": "\\Qorg/eclipse/jetty/ee10/webapp/catalog-ee10.xml\\E"
      },
      {
        "condition": {
          "typeReachable": "org.eclipse.jetty.ee11.webapp.WebDescriptor$WebDescriptorParser"
        },
        "pattern": "\\Qorg/eclipse/jetty/ee11/webapp/catalog-ee11.xml\\E"
      },
      {
        "condition": {
          "typeReachable": "org.eclipse.jetty.util.resource.ResourceFactory"
        },
        "pattern": "\\Qorg/eclipse/jetty/ee10/webapp/webdefault-ee10.xml\\E"
      },
      {
        "condition": {
          "typeReachable": "org.eclipse.jetty.util.resource.ResourceFactory"
        },
        "pattern": "\\Qorg/eclipse/jetty/ee11/webapp/webdefault-ee11.xml\\E"
      },
      {
        "condition": {
          "typeReachable": "org.eclipse.jetty.http.MimeTypes$1"
        },
        "pattern": "\\Qorg/eclipse/jetty/http/encoding.properties\\E"
      },
      {
        "condition": {
          "typeReachable": "org.eclipse.jetty.http.MimeTypes$1"
        },
        "pattern": "\\Qorg/eclipse/jetty/http/mime.properties\\E"
      },
      {
        "condition": {
          "typeReachable": "org.eclipse.jetty.server.Server"
        },
        "pattern": "\\Qorg/eclipse/jetty/server/jetty-dir.css\\E"
      },
      {
        "condition": {
          "typeReachable": "org.eclipse.jetty.util.Jetty"
        },
        "pattern": "\\Qorg/eclipse/jetty/version/build.properties\\E"
      },
      {
        "condition": {
          "typeReachable": "org.eclipse.jetty.util.resource.ResourceFactoryInternals"
        },
        "pattern": "\\Qorg/eclipse/jetty/version/build.properties\\E"
      },
      {
        "condition": {
          "typeReachable": "org.eclipse.jetty.xml.XmlParser"
        },
        "pattern": "\\Qorg/eclipse/jetty/xml/catalog-org.w3.xml\\E"
      }
    ]
  },
  "bundles": [
    {
      "name": "jakarta.servlet.LocalStrings",
      "locales": [
        "und"
      ]
    },
    {
      "name": "jakarta.servlet.http.LocalStrings",
      "locales": [
        "und"
      ]
    }
  ]
}
