{
  "resources": {
    "includes": [
      {
        "condition": {
          "typeReachable": "jakarta.activation.MailcapCommandMap"
        },
        "pattern": "\\QMETA-INF/hk2-locator/default\\E"
      },
      {
        "condition": {
          "typeReachable": "jakarta.activation.MailcapCommandMap"
        },
        "pattern": "\\QMETA-INF/gfprobe-provider.xml\\E"
      },
      {
        "condition": {
          "typeReachable": "jakarta.activation.MailcapCommandMap"
        },
        "pattern": "\\QMETA-INF/javamail.charset.map\\E"
      },
      {
        "condition": {
          "typeReachable": "jakarta.activation.MailcapCommandMap"
        },
        "pattern": "\\QMETA-INF/javamail.default.address.map\\E"
      },
      {
        "condition": {
          "typeReachable": "jakarta.activation.MailcapCommandMap"
        },
        "pattern": "\\QMETA-INF/javamail.default.providers\\E"
      },
      {
        "condition": {
          "typeReachable": "jakarta.activation.MailcapCommandMap"
        },
        "pattern": "\\QMETA-INF/mailcap\\E"
      }
    ]
  }
}
