[
  {
    "latest" : true,
    "module" : "ch.qos.logback:logback-classic",
    "metadata-version" : "1.4.9",
    "test-version": "1.4.1",
    "tested-versions" : [
      "1.4.9"
    ]
  },
  {
    "module" : "ch.qos.logback:logback-classic",
    "default-for" : "1\\.4\\.[0-8]",
    "metadata-version" : "1.4.1",
    "tested-versions" : [
      "1.4.1",
      "1.4.10",
      "1.4.11",
      "1.4.12",
      "1.4.13",
      "1.4.14",
      "1.5.0",
      "1.5.1",
      "1.5.2",
      "1.5.3",
      "1.5.4",
      "1.5.5",
      "1.5.6"
    ]
  },
  {
    "module" : "ch.qos.logback:logback-classic",
    "default-for" : "1\\.[0-3]\\..*",
    "metadata-version" : "1.2.11",
    "tested-versions" : [
      "1.2.11"
    ]
  }
]
