[
  {
    "condition": {
      "typeReachable": "org.mariadb.jdbc.Configuration"
    },
    "name": "org.mariadb.jdbc.Configuration",
    "allDeclaredFields": true
  },
  {
    "condition": {
      "typeReachable": "org.mariadb.jdbc.Configuration"
    },
    "name": "org.mariadb.jdbc.Configuration$Builder",
    "allDeclaredFields": true,
    "allPublicMethods": true
  },
  {
    "condition": {
      "typeReachable": "org.mariadb.jdbc.plugin.authentication.standard.NativePasswordPlugin"
    },
    "name": "sun.security.provider.SHA",
    "methods": [
      {
        "name": "<init>",
        "parameterTypes": []
      }
    ]
  }
]
