[
  {
    "latest" : true,
    "module" : "org.hibernate:hibernate-spatial",
    "metadata-version" : "7.2.0.Final",
    "test-version": "6.5.0.Final",
    "tested-versions" : [
      "7.2.0.Final"
    ]
  },
  {
    "module" : "org.hibernate:hibernate-spatial",
    "metadata-version" : "6.5.0.Final",
    "tested-versions" : [
      "6.5.0.Final",
      "6.5.1.Final",
      "6.5.2.Final",
      "6.5.3.Final",
      "6.6.0.Final",
      "6.6.1.Final",
      "6.6.2.Final",
      "6.6.3.Final",
      "6.6.4.Final",
      "6.6.5.Final",
      "6.6.6.Final",
      "6.6.7.Final",
      "6.6.8.Final",
      "6.6.9.Final",
      "6.6.10.Final",
      "6.6.11.Final",
      "6.6.12.Final",
      "6.6.13.Final",
      "6.6.14.Final",
      "6.6.15.Final",
      "6.6.16.Final",
      "6.6.17.Final",
      "6.6.18.Final",
      "6.6.19.Final",
      "6.6.20.Final",
      "6.6.21.Final",
      "6.6.22.Final",
      "6.6.23.Final",
      "6.6.24.Final",
      "6.6.25.Final",
      "6.6.26.Final",
      "6.6.27.Final",
      "6.6.28.Final",
      "6.6.29.Final",
      "6.6.30.Final",
      "6.6.31.Final",
      "6.6.32.Final",
      "6.6.33.Final",
      "6.6.34.Final",
      "7.0.0.Final",
      "7.0.1.Final",
      "7.0.2.Final",
      "7.0.3.Final",
      "7.0.4.Final",
      "7.0.5.Final",
      "7.0.6.Final",
      "7.0.7.Final",
      "7.0.8.Final",
      "7.0.9.Final",
      "7.0.10.Final",
      "7.1.0.Final",
      "7.1.1.Final",
      "7.1.2.Final",
      "7.1.3.Final",
      "7.1.4.Final",
      "7.1.5.Final",
      "7.1.6.Final",
      "7.1.7.Final",
      "7.1.8.Final",
      "7.1.9.Final",
      "7.1.10.Final",
      "7.1.11.Final"
    ]
  }
]
