{
  "resources": {
    "includes": [
      {
        "condition": {
          "typeReachable": "io.jsonwebtoken.impl.DefaultJwtParserBuilder"
        },
        "pattern": "\\QMETA-INF/services/io.jsonwebtoken.io.Deserializer\\E"
      },
      {
        "condition": {
          "typeReachable": "io.jsonwebtoken.impl.DefaultJwtBuilder"
        },
        "pattern": "\\QMETA-INF/services/io.jsonwebtoken.io.Serializer\\E"
      },
      {
        "condition": {
          "typeReachable": "io.jsonwebtoken.impl.security.JcaTemplate$KeyGeneratorFactory"
        },
        "pattern": "\\QMETA-INF/services/java.net.spi.URLStreamHandlerProvider\\E"
      }
    ]
  },
  "bundles": []
}
