[
  {
    "latest" : true,
    "module" : "org.jooq:jooq",
    "metadata-version" : "3.20.0",
    "test-version": "3.18.2",
    "tested-versions" : [
      "3.20.0"
    ]
  },
  {
    "module" : "org.jooq:jooq",
    "metadata-version" : "3.18.2",
    "tested-versions" : [
      "3.18.2",
      "3.18.3",
      "3.18.4",
      "3.18.5",
      "3.18.6",
      "3.18.7",
      "3.18.8",
      "3.18.9",
      "3.18.10",
      "3.18.11",
      "3.18.12",
      "3.18.13",
      "3.18.14",
      "3.18.15",
      "3.18.16",
      "3.18.17",
      "3.18.18",
      "3.18.19",
      "3.18.20",
      "3.18.21",
      "3.18.22",
      "3.18.23",
      "3.18.24",
      "3.18.25",
      "3.18.26",
      "3.18.27",
      "3.18.28",
      "3.18.29",
      "3.18.30",
      "3.18.31",
      "3.18.32",
      "3.18.33",
      "3.18.34",
      "3.19.0",
      "3.19.1",
      "3.19.2",
      "3.19.3",
      "3.19.4",
      "3.19.5",
      "3.19.6",
      "3.19.7",
      "3.19.8",
      "3.19.9",
      "3.19.10",
      "3.19.11",
      "3.19.12",
      "3.19.13",
      "3.19.14",
      "3.19.15",
      "3.19.16",
      "3.19.17",
      "3.19.18",
      "3.19.19",
      "3.19.20",
      "3.19.21",
      "3.19.22",
      "3.19.23",
      "3.19.24",
      "3.19.25",
      "3.19.26",
      "3.19.27",
      "3.19.28"
    ]
  },
  {
    "module" : "org.jooq:jooq",
    "metadata-version" : "3.17.7",
    "tested-versions" : [
      "3.17.7"
    ]
  }
]
