[
{
  "condition":{"typeReachable":"org.hibernate.loader.ast.internal.MultiIdEntityLoaderArrayParam"},
  "name":"[Ljava.lang.Long;"
},
{
  "condition":{"typeReachable":"org.hibernate.type.descriptor.java.ArrayJavaType"},
  "name":"[Ljava.lang.Long;"
},
{
  "condition":{"typeReachable":"org.hibernate.event.service.internal.EventListenerGroupImpl"},
  "name":"[Lorg.hibernate.event.spi.AutoFlushEventListener;"
},
{
  "condition":{"typeReachable":"org.hibernate.event.service.internal.EventListenerGroupImpl"},
  "name":"[Lorg.hibernate.event.spi.DeleteEventListener;"
},
{
  "condition":{"typeReachable":"org.hibernate.event.service.internal.EventListenerGroupImpl"},
  "name":"[Lorg.hibernate.event.spi.DirtyCheckEventListener;"
},
{
  "condition":{"typeReachable":"org.hibernate.event.service.internal.EventListenerGroupImpl"},
  "name":"[Lorg.hibernate.event.spi.EvictEventListener;"
},
{
  "condition":{"typeReachable":"org.hibernate.event.service.internal.EventListenerGroupImpl"},
  "name":"[Lorg.hibernate.event.spi.FlushEntityEventListener;"
},
{
  "condition":{"typeReachable":"org.hibernate.event.service.internal.EventListenerGroupImpl"},
  "name":"[Lorg.hibernate.event.spi.FlushEventListener;"
},
{
  "condition":{"typeReachable":"org.hibernate.event.service.internal.EventListenerGroupImpl"},
  "name":"[Lorg.hibernate.event.spi.InitializeCollectionEventListener;"
},
{
  "condition":{"typeReachable":"org.hibernate.event.service.internal.EventListenerGroupImpl"},
  "name":"[Lorg.hibernate.event.spi.LoadEventListener;"
},
{
  "condition":{"typeReachable":"org.hibernate.event.service.internal.EventListenerGroupImpl"},
  "name":"[Lorg.hibernate.event.spi.LockEventListener;"
},
{
  "condition":{"typeReachable":"org.hibernate.event.service.internal.EventListenerGroupImpl"},
  "name":"[Lorg.hibernate.event.spi.MergeEventListener;"
},
{
  "condition":{"typeReachable":"org.hibernate.event.service.internal.EventListenerGroupImpl"},
  "name":"[Lorg.hibernate.event.spi.PersistEventListener;"
},
{
  "condition":{"typeReachable":"org.hibernate.event.service.internal.EventListenerGroupImpl"},
  "name":"[Lorg.hibernate.event.spi.PostDeleteEventListener;"
},
{
  "condition":{"typeReachable":"org.hibernate.event.service.internal.EventListenerGroupImpl"},
  "name":"[Lorg.hibernate.event.spi.PostInsertEventListener;"
},
{
  "condition":{"typeReachable":"org.hibernate.event.service.internal.EventListenerGroupImpl"},
  "name":"[Lorg.hibernate.event.spi.PostLoadEventListener;"
},
{
  "condition":{"typeReachable":"org.hibernate.event.service.internal.EventListenerGroupImpl"},
  "name":"[Lorg.hibernate.event.spi.PostUpdateEventListener;"
},
{
  "condition":{"typeReachable":"org.hibernate.event.service.internal.EventListenerGroupImpl"},
  "name":"[Lorg.hibernate.event.spi.PostUpsertEventListener;"
},
{
  "condition":{"typeReachable":"org.hibernate.event.service.internal.EventListenerGroupImpl"},
  "name":"[Lorg.hibernate.event.spi.PreLoadEventListener;"
},
{
  "condition":{"typeReachable":"org.hibernate.event.service.internal.EventListenerGroupImpl"},
  "name":"[Lorg.hibernate.event.spi.RefreshEventListener;"
},
{
  "condition":{"typeReachable":"org.hibernate.event.service.internal.EventListenerGroupImpl"},
  "name":"[Lorg.hibernate.event.spi.ReplicateEventListener;"
},
{
  "condition":{"typeReachable":"org.hibernate.event.service.internal.EventListenerGroupImpl"},
  "name":"[Lorg.hibernate.event.spi.ResolveNaturalIdEventListener;"
},
{
  "condition":{"typeReachable":"org.hibernate.event.service.internal.EventListenerGroupImpl"},
  "name":"[Lorg.hibernate.event.spi.SaveOrUpdateEventListener;"
},
{
  "condition":{"typeReachable":"org.hibernate.internal.util.collections.StandardStack"},
  "name":"[Lorg.hibernate.query.hql.spi.DotIdentifierConsumer;"
},
{
  "condition":{"typeReachable":"org.hibernate.query.hql.internal.SemanticQueryBuilder"},
  "name":"[Lorg.hibernate.query.hql.spi.SqmCreationProcessingState;"
},
{
  "condition":{"typeReachable":"org.hibernate.query.hql.internal.SemanticQueryBuilder"},
  "name":"[Lorg.hibernate.query.sqm.spi.ParameterDeclarationContext;"
},
{
  "condition":{"typeReachable":"org.hibernate.query.sqm.sql.BaseSqmToSqlAstConverter"},
  "name":"[Lorg.hibernate.query.sqm.sql.FromClauseIndex;"
},
{
  "condition":{"typeReachable":"org.hibernate.query.sqm.sql.BaseSqmToSqlAstConverter"},
  "name":"[Lorg.hibernate.sql.ast.Clause;"
},
{
  "condition":{"typeReachable":"org.hibernate.sql.ast.spi.AbstractSqlAstTranslator"},
  "name":"[Lorg.hibernate.sql.ast.Clause;"
},
{
  "condition":{"typeReachable":"org.hibernate.query.sqm.sql.BaseSqmToSqlAstConverter"},
  "name":"[Lorg.hibernate.sql.ast.spi.SqlAstProcessingState;"
},
{
  "condition":{"typeReachable":"org.hibernate.sql.ast.spi.AbstractSqlAstTranslator"},
  "name":"[Lorg.hibernate.sql.ast.tree.Statement;"
},
{
  "condition":{"typeReachable":"org.hibernate.sql.ast.spi.AbstractSqlAstTranslator"},
  "name":"[Lorg.hibernate.sql.ast.tree.select.QueryPart;"
},
{
  "condition":{"typeReachable":"org.hibernate.sql.results.graph.DomainResultGraphPrinter"},
  "name":"[Lorg.hibernate.sql.results.graph.FetchParent;"
},
{
  "condition":{"typeReachable":"org.hibernate.sql.results.spi.LoadContexts"},
  "name":"[Lorg.hibernate.sql.results.jdbc.spi.JdbcValuesSourceProcessingState;"
},
{
  "condition":{"typeReachable":"org.hibernate.engine.transaction.jta.platform.internal.StandardJtaPlatformResolver"},
  "name":"bitronix.tm.TransactionManagerServices"
},
{
  "condition":{"typeReachable":"org.hibernate.engine.transaction.jta.platform.internal.StandardJtaPlatformResolver"},
  "name":"com.arjuna.ats.jta.TransactionManager"
},
{
  "condition":{"typeReachable":"org.hibernate.engine.transaction.jta.platform.internal.StandardJtaPlatformResolver"},
  "name":"com.atomikos.icatch.jta.UserTransactionManager"
},
{
  "condition":{"typeReachable":"org.hibernate.engine.transaction.jta.platform.internal.StandardJtaPlatformResolver"},
  "name":"com.ibm.ejs.jts.jta.JTSXA"
},
{
  "condition":{"typeReachable":"org.hibernate.engine.transaction.jta.platform.internal.StandardJtaPlatformResolver"},
  "name":"com.ibm.ejs.jts.jta.TransactionManagerFactory"
},
{
  "condition":{"typeReachable":"org.hibernate.engine.jdbc.connections.internal.DriverConnectionCreator"},
  "name":"com.ibm.icu.text.Collator"
},
{
  "condition":{"typeReachable":"org.hibernate.engine.jdbc.connections.internal.DriverManagerConnectionProviderImpl$PooledConnections"},
  "name":"com.ibm.icu.text.Collator"
},
{
  "condition":{"typeReachable":"org.hibernate.engine.transaction.jta.platform.internal.StandardJtaPlatformResolver"},
  "name":"com.ibm.tx.jta.TransactionManagerFactory"
},
{
  "condition":{"typeReachable":"org.hibernate.engine.transaction.jta.platform.internal.StandardJtaPlatformResolver"},
  "name":"com.ibm.ws.Transaction.TransactionManagerFactory"
},
{
  "condition":{"typeReachable":"org.hibernate.resource.beans.spi.ManagedBeanRegistryInitiator"},
  "name":"jakarta.enterprise.inject.spi.BeanManager"
},
{
  "condition":{"typeReachable":"org.hibernate.boot.beanvalidation.BeanValidationIntegrator"},
  "name":"jakarta.validation.ConstraintViolation"
},
{
  "condition":{"typeReachable":"org.hibernate.boot.jaxb.JaxbLogger"},
  "name":"javax.smartcardio.CardPermission"
},
{
  "condition":{"typeReachable":"org.hibernate.boot.registry.internal.BootstrapServiceRegistryImpl"},
  "name":"javax.smartcardio.CardPermission"
},
{
  "condition":{"typeReachable":"org.hibernate.id.enhanced.OptimizerFactory"},
  "name":"javax.smartcardio.CardPermission"
},
{
  "condition":{"typeReachable":"org.hibernate.jpa.HibernatePersistenceProvider"},
  "name":"javax.smartcardio.CardPermission"
},
{
  "condition":{"typeReachable":"org.hibernate.dialect.OracleJdbcHelper"},
  "name":"oracle.jdbc.OracleConnection"
},
{
  "condition":{"typeReachable":"org.hibernate.boot.jaxb.JaxbLogger"},
  "name":"org.apache.logging.log4j.Logger"
},
{
  "condition":{"typeReachable":"org.hibernate.boot.registry.internal.BootstrapServiceRegistryImpl"},
  "name":"org.apache.logging.log4j.Logger"
},
{
  "condition":{"typeReachable":"org.hibernate.id.enhanced.OptimizerFactory"},
  "name":"org.apache.logging.log4j.Logger"
},
{
  "condition":{"typeReachable":"org.hibernate.jpa.HibernatePersistenceProvider"},
  "name":"org.apache.logging.log4j.Logger"
},
{
  "condition":{"typeReachable":"org.hibernate.engine.jdbc.connections.internal.DriverManagerConnectionProviderImpl"},
  "name":"org.h2.Driver",
  "methods":[{"name":"<init>","parameterTypes":[] }]
},
{
  "condition":{"typeReachable":"org.hibernate.boot.beanvalidation.BeanValidationIntegrator"},
  "name":"org.hibernate.boot.beanvalidation.TypeSafeActivator",
  "methods":[{"name":"activate","parameterTypes":["org.hibernate.boot.beanvalidation.ActivationContext"] }]
},
{
  "condition":{"typeReachable":"org.hibernate.boot.internal.MetadataBuilderImpl"},
  "name":"org.hibernate.boot.cfgxml.internal.CfgXmlAccessServiceImpl",
  "queryAllPublicMethods":true
},
{
  "condition":{"typeReachable":"org.hibernate.boot.internal.MetadataImpl"},
  "name":"org.hibernate.boot.internal.DefaultSessionFactoryBuilderService",
  "queryAllPublicMethods":true
},
{
  "condition":{"typeReachable":"org.hibernate.boot.jaxb.JaxbLogger"},
  "name":"org.hibernate.boot.jaxb.JaxbLogger_$logger",
  "methods":[{"name":"<init>","parameterTypes":["org.jboss.logging.Logger"] }]
},
{
  "condition":{"typeReachable":"org.hibernate.boot.internal.MetadataBuilderImpl$MetadataBuildingOptionsImpl"},
  "name":"org.hibernate.boot.model.naming.CamelCaseToUnderscoresNamingStrategy",
  "methods":[{"name":"<init>","parameterTypes":[] }]
},
{
  "condition":{"typeReachable":"org.hibernate.boot.internal.MetadataBuilderImpl$MetadataBuildingOptionsImpl$1"},
  "name":"org.hibernate.boot.model.naming.ImplicitNamingStrategyJpaCompliantImpl",
  "methods":[{"name":"<init>","parameterTypes":[] }]
},
{
  "condition":{"typeReachable":"org.hibernate.boot.internal.MetadataBuilderImpl$MetadataBuildingOptionsImpl"},
  "name":"org.hibernate.boot.model.naming.PhysicalNamingStrategyStandardImpl",
  "methods":[{"name":"<init>","parameterTypes":[] }]
},
{
  "condition":{"typeReachable":"org.hibernate.boot.internal.MetadataBuilderImpl$MetadataBuildingOptionsImpl$2"},
  "name":"org.hibernate.boot.model.relational.ColumnOrderingStrategyStandard",
  "methods":[{"name":"<init>","parameterTypes":[] }]
},
{
  "condition":{"typeReachable":"org.hibernate.bytecode.enhance.spi.interceptor.BytecodeInterceptorLogging"},
  "name":"org.hibernate.bytecode.enhance.spi.interceptor.BytecodeInterceptorLogging_$logger",
  "methods":[{"name":"<init>","parameterTypes":["org.jboss.logging.Logger"] }]
},
{
  "condition":{"typeReachable":"org.hibernate.internal.SessionFactoryImpl"},
  "name":"org.hibernate.cache.internal.DisabledCaching",
  "queryAllPublicMethods":true
},
{
  "condition":{"typeReachable":"org.hibernate.boot.internal.MetadataBuilderImpl$MetadataBuildingOptionsImpl"},
  "name":"org.hibernate.cache.internal.NoCachingRegionFactory",
  "queryAllPublicMethods":true
},
{
  "condition":{"typeReachable":"org.hibernate.cache.spi.SecondLevelCacheLogger"},
  "name":"org.hibernate.cache.spi.SecondLevelCacheLogger_$logger",
  "methods":[{"name":"<init>","parameterTypes":["org.jboss.logging.Logger"] }]
},
{
  "condition":{"typeReachable":"org.hibernate.dialect.DialectLogging"},
  "name":"org.hibernate.dialect.DialectLogging_$logger",
  "methods":[{"name":"<init>","parameterTypes":["org.jboss.logging.Logger"] }]
},
{
  "condition":{"typeReachable":"org.hibernate.boot.registry.classloading.internal.ClassLoaderServiceImpl"},
  "name":"org.hibernate.dialect.H2Dialect"
},
{
  "condition":{"typeReachable":"org.hibernate.engine.jdbc.dialect.internal.DialectFactoryImpl"},
  "name":"org.hibernate.dialect.H2Dialect",
  "methods":[
    {"name":"<init>","parameterTypes":[] }, 
    {"name":"<init>","parameterTypes":["org.hibernate.engine.jdbc.dialect.spi.DialectResolutionInfo"] }
  ]
},
{
  "condition":{"typeReachable":"org.hibernate.boot.registry.classloading.internal.ClassLoaderServiceImpl"},
  "name":"org.hibernate.dialect.MariaDB106Dialect"
},
{
  "condition":{"typeReachable":"org.hibernate.engine.jdbc.dialect.internal.DialectFactoryImpl"},
  "name":"org.hibernate.dialect.MariaDB106Dialect",
  "methods":[{"name":"<init>","parameterTypes":[] }]
},
{
  "condition":{"typeReachable":"org.hibernate.boot.registry.classloading.internal.ClassLoaderServiceImpl"},
  "name":"org.hibernate.dialect.MariaDBDialect"
},
{
  "condition":{"typeReachable":"org.hibernate.engine.jdbc.dialect.internal.DialectFactoryImpl"},
  "name":"org.hibernate.dialect.MariaDBDialect",
  "methods":[
    {"name":"<init>","parameterTypes":[] }, 
    {"name":"<init>","parameterTypes":["org.hibernate.engine.jdbc.dialect.spi.DialectResolutionInfo"] }
  ]
},
{
  "condition":{"typeReachable":"org.hibernate.boot.registry.classloading.internal.ClassLoaderServiceImpl"},
  "name":"org.hibernate.dialect.MySQL8Dialect"
},
{
  "condition":{"typeReachable":"org.hibernate.engine.jdbc.dialect.internal.DialectFactoryImpl"},
  "name":"org.hibernate.dialect.MySQL8Dialect",
  "methods":[{"name":"<init>","parameterTypes":[] }]
},
{
  "condition":{"typeReachable":"org.hibernate.boot.registry.classloading.internal.ClassLoaderServiceImpl"},
  "name":"org.hibernate.dialect.MySQLDialect"
},
{
  "condition":{"typeReachable":"org.hibernate.engine.jdbc.dialect.internal.DialectFactoryImpl"},
  "name":"org.hibernate.dialect.MySQLDialect",
  "methods":[
    {"name":"<init>","parameterTypes":[] }, 
    {"name":"<init>","parameterTypes":["org.hibernate.engine.jdbc.dialect.spi.DialectResolutionInfo"] }
  ]
},
{
  "condition":{"typeReachable":"org.hibernate.dialect.OracleJdbcHelper"},
  "name":"org.hibernate.dialect.OracleArrayJdbcTypeConstructor",
  "methods":[{"name":"<init>","parameterTypes":[] }]
},
{
  "condition":{"typeReachable":"org.hibernate.boot.registry.classloading.internal.ClassLoaderServiceImpl"},
  "name":"org.hibernate.dialect.OracleDialect"
},
{
  "condition":{"typeReachable":"org.hibernate.engine.jdbc.dialect.internal.DialectFactoryImpl"},
  "name":"org.hibernate.dialect.OracleDialect",
  "methods":[
    {"name":"<init>","parameterTypes":[] }, 
    {"name":"<init>","parameterTypes":["org.hibernate.engine.jdbc.dialect.spi.DialectResolutionInfo"] }
  ]
},
{
  "condition":{"typeReachable":"org.hibernate.dialect.OracleJdbcHelper"},
  "name":"org.hibernate.dialect.OracleNestedTableJdbcTypeConstructor",
  "methods":[{"name":"<init>","parameterTypes":[] }]
},
{
  "condition":{"typeReachable":"org.hibernate.dialect.OracleJdbcHelper"},
  "name":"org.hibernate.dialect.OracleStructJdbcType",
  "methods":[{"name":"<init>","parameterTypes":[] }]
},
{
  "condition":{"typeReachable":"org.hibernate.boot.registry.classloading.internal.ClassLoaderServiceImpl"},
  "name":"org.hibernate.dialect.PostgreSQLDialect"
},
{
  "condition":{"typeReachable":"org.hibernate.engine.jdbc.dialect.internal.DialectFactoryImpl"},
  "name":"org.hibernate.dialect.PostgreSQLDialect",
  "methods":[
    {"name":"<init>","parameterTypes":[] }, 
    {"name":"<init>","parameterTypes":["org.hibernate.engine.jdbc.dialect.spi.DialectResolutionInfo"] }
  ]
},
{
  "condition":{"typeReachable":"org.hibernate.dialect.PgJdbcHelper"},
  "name":"org.hibernate.dialect.PostgreSQLInetJdbcType",
  "methods":[{"name":"<init>","parameterTypes":[] }]
},
{
  "condition":{"typeReachable":"org.hibernate.dialect.PgJdbcHelper"},
  "name":"org.hibernate.dialect.PostgreSQLIntervalSecondJdbcType",
  "methods":[{"name":"<init>","parameterTypes":[] }]
},
{
  "condition":{"typeReachable":"org.hibernate.dialect.PgJdbcHelper"},
  "name":"org.hibernate.dialect.PostgreSQLJsonPGObjectJsonbType",
  "methods":[{"name":"<init>","parameterTypes":[] }]
},
{
  "condition":{"typeReachable":"org.hibernate.dialect.PgJdbcHelper"},
  "name":"org.hibernate.dialect.PostgreSQLStructPGObjectJdbcType",
  "methods":[{"name":"<init>","parameterTypes":[] }]
},
{
  "condition":{"typeReachable":"org.hibernate.boot.registry.classloading.internal.ClassLoaderServiceImpl"},
  "name":"org.hibernate.dialect.PostgresPlusDialect"
},
{
  "condition":{"typeReachable":"org.hibernate.engine.jdbc.dialect.internal.DialectFactoryImpl"},
  "name":"org.hibernate.dialect.PostgresPlusDialect",
  "methods":[{"name":"<init>","parameterTypes":["org.hibernate.engine.jdbc.dialect.spi.DialectResolutionInfo"] }]
},
{
  "condition":{"typeReachable":"org.hibernate.boot.registry.classloading.internal.ClassLoaderServiceImpl"},
  "name":"org.hibernate.dialect.SQLServer2012Dialect"
},
{
  "condition":{"typeReachable":"org.hibernate.engine.jdbc.dialect.internal.DialectFactoryImpl"},
  "name":"org.hibernate.dialect.SQLServer2012Dialect",
  "methods":[{"name":"<init>","parameterTypes":[] }]
},
{
  "condition":{"typeReachable":"org.hibernate.boot.registry.classloading.internal.ClassLoaderServiceImpl"},
  "name":"org.hibernate.dialect.SQLServer2016Dialect"
},
{
  "condition":{"typeReachable":"org.hibernate.engine.jdbc.dialect.internal.DialectFactoryImpl"},
  "name":"org.hibernate.dialect.SQLServer2016Dialect",
  "methods":[{"name":"<init>","parameterTypes":[] }]
},
{
  "condition":{"typeReachable":"org.hibernate.boot.registry.classloading.internal.ClassLoaderServiceImpl"},
  "name":"org.hibernate.dialect.SQLServerDialect"
},
{
  "condition":{"typeReachable":"org.hibernate.engine.jdbc.dialect.internal.DialectFactoryImpl"},
  "name":"org.hibernate.dialect.SQLServerDialect",
  "methods":[
    {"name":"<init>","parameterTypes":[] }, 
    {"name":"<init>","parameterTypes":["org.hibernate.engine.jdbc.dialect.spi.DialectResolutionInfo"] }
  ]
},
{
  "condition":{"typeReachable":"org.hibernate.resource.beans.internal.Helper"},
  "name":"org.hibernate.engine.config.internal.ConfigurationServiceImpl",
  "queryAllPublicMethods":true
},
{
  "condition":{"typeReachable":"org.hibernate.engine.jdbc.JdbcLogging"},
  "name":"org.hibernate.engine.jdbc.JdbcLogging_$logger",
  "methods":[{"name":"<init>","parameterTypes":["org.jboss.logging.Logger"] }]
},
{
  "condition":{"typeReachable":"org.hibernate.engine.jdbc.batch.JdbcBatchLogging"},
  "name":"org.hibernate.engine.jdbc.batch.JdbcBatchLogging_$logger",
  "methods":[{"name":"<init>","parameterTypes":["org.jboss.logging.Logger"] }]
},
{
  "condition":{"typeReachable":"org.hibernate.internal.FastSessionServices"},
  "name":"org.hibernate.engine.jdbc.batch.internal.BatchBuilderImpl",
  "queryAllPublicMethods":true
},
{
  "condition":{"typeReachable":"org.hibernate.internal.FastSessionServices"},
  "name":"org.hibernate.engine.jdbc.connections.internal.DriverManagerConnectionProviderImpl",
  "queryAllPublicMethods":true
},
{
  "condition":{"typeReachable":"org.hibernate.engine.jdbc.env.internal.JdbcEnvironmentInitiator"},
  "name":"org.hibernate.engine.jdbc.dialect.internal.DialectFactoryImpl",
  "queryAllPublicMethods":true
},
{
  "condition":{"typeReachable":"org.hibernate.engine.jdbc.dialect.internal.DialectFactoryImpl"},
  "name":"org.hibernate.engine.jdbc.dialect.internal.DialectResolverSet",
  "queryAllPublicMethods":true
},
{
  "condition":{"typeReachable":"org.hibernate.boot.model.relational.Database"},
  "name":"org.hibernate.engine.jdbc.env.internal.JdbcEnvironmentImpl",
  "queryAllPublicMethods":true
},
{
  "condition":{"typeReachable":"org.hibernate.engine.jdbc.env.internal.LobCreationLogging"},
  "name":"org.hibernate.engine.jdbc.env.internal.LobCreationLogging_$logger",
  "methods":[{"name":"<init>","parameterTypes":["org.jboss.logging.Logger"] }]
},
{
  "condition":{"typeReachable":"org.hibernate.boot.model.relational.Database"},
  "name":"org.hibernate.engine.jdbc.internal.JdbcServicesImpl",
  "queryAllPublicMethods":true
},
{
  "condition":{"typeReachable":"org.hibernate.internal.FastSessionServices"},
  "name":"org.hibernate.engine.jdbc.mutation.internal.StandardMutationExecutorService",
  "queryAllPublicMethods":true
},
{
  "condition":{"typeReachable":"org.hibernate.engine.jdbc.internal.JdbcServicesImpl"},
  "name":"org.hibernate.engine.jdbc.spi.SqlStatementLogger",
  "queryAllPublicMethods":true
},
{
  "condition":{"typeReachable":"org.hibernate.boot.internal.SessionFactoryObserverForRegistration"},
  "name":"org.hibernate.engine.jndi.internal.JndiServiceImpl",
  "queryAllPublicMethods":true
},
{
  "condition":{"typeReachable":"org.hibernate.query.internal.QueryEngineImpl"},
  "name":"org.hibernate.engine.query.internal.NativeQueryInterpreterStandardImpl",
  "queryAllPublicMethods":true
},
{
  "condition":{"typeReachable":"org.hibernate.internal.SessionFactoryImpl"},
  "name":"org.hibernate.engine.transaction.jta.platform.internal.NoJtaPlatform",
  "queryAllPublicMethods":true
},
{
  "condition":{"typeReachable":"org.hibernate.engine.transaction.jta.platform.internal.JtaPlatformInitiator"},
  "name":"org.hibernate.engine.transaction.jta.platform.internal.StandardJtaPlatformResolver",
  "queryAllPublicMethods":true
},
{
  "condition":{"typeReachable":"org.hibernate.event.spi.EventType"},
  "name":"org.hibernate.event.spi.EventType",
  "allDeclaredFields":true
},
{
  "condition":{"typeReachable":"org.hibernate.id.factory.internal.StandardIdentifierGeneratorFactory"},
  "name":"org.hibernate.generator.internal.CurrentTimestampGeneration",
  "queryAllDeclaredConstructors":true,
  "methods":[
    {"name":"<init>","parameterTypes":["org.hibernate.annotations.CreationTimestamp","java.lang.reflect.Member","org.hibernate.generator.GeneratorCreationContext"] }, 
    {"name":"<init>","parameterTypes":["org.hibernate.annotations.CurrentTimestamp","java.lang.reflect.Member","org.hibernate.generator.GeneratorCreationContext"] }, 
    {"name":"<init>","parameterTypes":["org.hibernate.annotations.UpdateTimestamp","java.lang.reflect.Member","org.hibernate.generator.GeneratorCreationContext"] }
  ]
},
{
  "condition":{"typeReachable":"org.hibernate.id.factory.internal.StandardIdentifierGeneratorFactory"},
  "name":"org.hibernate.generator.internal.GeneratedAlwaysGeneration",
  "queryAllDeclaredConstructors":true,
  "methods":[{"name":"<init>","parameterTypes":[] }]
},
{
  "condition":{"typeReachable":"org.hibernate.id.factory.internal.StandardIdentifierGeneratorFactory"},
  "name":"org.hibernate.generator.internal.GeneratedGeneration",
  "queryAllDeclaredConstructors":true,
  "methods":[
    {"name":"<init>","parameterTypes":["org.hibernate.annotations.Generated"] }, 
    {"name":"<init>","parameterTypes":["org.hibernate.annotations.GenerationTime"] }
  ]
},
{
  "condition":{"typeReachable":"org.hibernate.id.factory.internal.StandardIdentifierGeneratorFactory"},
  "name":"org.hibernate.generator.internal.SourceGeneration",
  "queryAllDeclaredConstructors":true,
  "methods":[
    {"name":"<init>","parameterTypes":["org.hibernate.annotations.Source","java.lang.reflect.Member","org.hibernate.generator.GeneratorCreationContext"] }, 
    {"name":"<init>","parameterTypes":["org.hibernate.annotations.SourceType","java.lang.Class","org.hibernate.generator.GeneratorCreationContext"] }
  ]
},
{
  "condition":{"typeReachable":"org.hibernate.id.factory.internal.StandardIdentifierGeneratorFactory"},
  "name":"org.hibernate.generator.internal.TenantIdGeneration",
  "queryAllDeclaredConstructors":true,
  "methods":[{"name":"<init>","parameterTypes":["org.hibernate.annotations.TenantId","java.lang.reflect.Member","org.hibernate.generator.GeneratorCreationContext"] }]
},
{
  "condition":{"typeReachable":"org.hibernate.id.factory.internal.StandardIdentifierGeneratorFactory"},
  "name":"org.hibernate.id.Assigned",
  "methods":[{"name":"<init>","parameterTypes":[] }]
},
{
  "condition":{"typeReachable":"org.hibernate.id.factory.internal.StandardIdentifierGeneratorFactory"},
  "name":"org.hibernate.id.ForeignGenerator",
  "methods":[{"name":"<init>","parameterTypes":[] }]
},
{
  "condition":{"typeReachable":"org.hibernate.id.factory.internal.StandardIdentifierGeneratorFactory"},
  "name":"org.hibernate.id.GUIDGenerator",
  "methods":[{"name":"<init>","parameterTypes":[] }]
},
{
  "condition":{"typeReachable":"org.hibernate.id.factory.internal.StandardIdentifierGeneratorFactory"},
  "name":"org.hibernate.id.IdentityGenerator",
  "methods":[{"name":"<init>","parameterTypes":[] }]
},
{
  "condition":{"typeReachable":"org.hibernate.id.factory.internal.StandardIdentifierGeneratorFactory"},
  "name":"org.hibernate.id.IncrementGenerator",
  "methods":[{"name":"<init>","parameterTypes":[] }]
},
{
  "condition":{"typeReachable":"org.hibernate.id.factory.internal.StandardIdentifierGeneratorFactory"},
  "name":"org.hibernate.id.SelectGenerator",
  "methods":[{"name":"<init>","parameterTypes":[] }]
},
{
  "condition":{"typeReachable":"org.hibernate.id.factory.internal.StandardIdentifierGeneratorFactory"},
  "name":"org.hibernate.id.UUIDGenerator",
  "methods":[{"name":"<init>","parameterTypes":[] }]
},
{
  "condition":{"typeReachable":"org.hibernate.id.factory.internal.StandardIdentifierGeneratorFactory"},
  "name":"org.hibernate.id.UUIDHexGenerator",
  "methods":[{"name":"<init>","parameterTypes":[] }]
},
{
  "condition":{"typeReachable":"org.hibernate.id.enhanced.OptimizerFactory"},
  "name":"org.hibernate.id.enhanced.HiLoOptimizer",
  "methods":[{"name":"<init>","parameterTypes":["java.lang.Class","int"] }]
},
{
  "condition":{"typeReachable":"org.hibernate.id.enhanced.OptimizerFactory"},
  "name":"org.hibernate.id.enhanced.LegacyHiLoAlgorithmOptimizer",
  "methods":[{"name":"<init>","parameterTypes":["java.lang.Class","int"] }]
},
{
  "condition":{"typeReachable":"org.hibernate.id.enhanced.TableGenerator"},
  "name":"org.hibernate.id.enhanced.LegacyNamingStrategy",
  "methods":[{"name":"<init>","parameterTypes":[] }]
},
{
  "condition":{"typeReachable":"org.hibernate.id.enhanced.OptimizerFactory"},
  "name":"org.hibernate.id.enhanced.NoopOptimizer",
  "methods":[{"name":"<init>","parameterTypes":["java.lang.Class","int"] }]
},
{
  "condition":{"typeReachable":"org.hibernate.id.enhanced.OptimizerFactory"},
  "name":"org.hibernate.id.enhanced.PooledLoOptimizer",
  "methods":[{"name":"<init>","parameterTypes":["java.lang.Class","int"] }]
},
{
  "condition":{"typeReachable":"org.hibernate.id.enhanced.OptimizerFactory"},
  "name":"org.hibernate.id.enhanced.PooledLoThreadLocalOptimizer",
  "methods":[{"name":"<init>","parameterTypes":["java.lang.Class","int"] }]
},
{
  "condition":{"typeReachable":"org.hibernate.id.enhanced.OptimizerFactory"},
  "name":"org.hibernate.id.enhanced.PooledOptimizer",
  "methods":[{"name":"<init>","parameterTypes":["java.lang.Class","int"] }]
},
{
  "condition":{"typeReachable":"org.hibernate.id.factory.internal.StandardIdentifierGeneratorFactory"},
  "name":"org.hibernate.id.enhanced.SequenceStyleGenerator",
  "methods":[{"name":"<init>","parameterTypes":[] }]
},
{
  "condition":{"typeReachable":"org.hibernate.id.enhanced.TableGenerator"},
  "name":"org.hibernate.id.enhanced.SingleNamingStrategy",
  "methods":[{"name":"<init>","parameterTypes":[] }]
},
{
  "condition":{"typeReachable":"org.hibernate.id.enhanced.TableGenerator"},
  "name":"org.hibernate.id.enhanced.StandardNamingStrategy",
  "methods":[{"name":"<init>","parameterTypes":[] }]
},
{
  "condition":{"typeReachable":"org.hibernate.id.factory.internal.StandardIdentifierGeneratorFactory"},
  "name":"org.hibernate.id.enhanced.TableGenerator",
  "methods":[{"name":"<init>","parameterTypes":[] }]
},
{
  "condition":{"typeReachable":"org.hibernate.boot.internal.MetadataBuilderImpl$MetadataBuildingOptionsImpl"},
  "name":"org.hibernate.id.factory.internal.StandardIdentifierGeneratorFactory",
  "queryAllPublicMethods":true
},
{
  "condition":{"typeReachable":"org.hibernate.Version"},
  "name":"org.hibernate.internal.CoreMessageLogger_$logger",
  "methods":[{"name":"<init>","parameterTypes":["org.jboss.logging.Logger"] }]
},
{
  "condition":{"typeReachable":"org.hibernate.boot.beanvalidation.BeanValidationIntegrator"},
  "name":"org.hibernate.internal.CoreMessageLogger_$logger",
  "methods":[{"name":"<init>","parameterTypes":["org.jboss.logging.Logger"] }]
},
{
  "condition":{"typeReachable":"org.hibernate.boot.beanvalidation.TypeSafeActivator"},
  "name":"org.hibernate.internal.CoreMessageLogger_$logger",
  "methods":[{"name":"<init>","parameterTypes":["org.jboss.logging.Logger"] }]
},
{
  "condition":{"typeReachable":"org.hibernate.boot.model.internal.AnnotatedColumn"},
  "name":"org.hibernate.internal.CoreMessageLogger_$logger",
  "methods":[{"name":"<init>","parameterTypes":["org.jboss.logging.Logger"] }]
},
{
  "condition":{"typeReachable":"org.hibernate.boot.model.internal.BasicValueBinder"},
  "name":"org.hibernate.internal.CoreMessageLogger_$logger",
  "methods":[{"name":"<init>","parameterTypes":["org.jboss.logging.Logger"] }]
},
{
  "condition":{"typeReachable":"org.hibernate.boot.model.internal.CollectionBinder"},
  "name":"org.hibernate.internal.CoreMessageLogger_$logger",
  "methods":[{"name":"<init>","parameterTypes":["org.jboss.logging.Logger"] }]
},
{
  "condition":{"typeReachable":"org.hibernate.boot.model.internal.CollectionSecondPass"},
  "name":"org.hibernate.internal.CoreMessageLogger_$logger",
  "methods":[{"name":"<init>","parameterTypes":["org.jboss.logging.Logger"] }]
},
{
  "condition":{"typeReachable":"org.hibernate.boot.model.internal.EntityBinder"},
  "name":"org.hibernate.internal.CoreMessageLogger_$logger",
  "methods":[{"name":"<init>","parameterTypes":["org.jboss.logging.Logger"] }]
},
{
  "condition":{"typeReachable":"org.hibernate.boot.model.internal.PropertyBinder"},
  "name":"org.hibernate.internal.CoreMessageLogger_$logger",
  "methods":[{"name":"<init>","parameterTypes":["org.jboss.logging.Logger"] }]
},
{
  "condition":{"typeReachable":"org.hibernate.boot.model.internal.PropertyContainer"},
  "name":"org.hibernate.internal.CoreMessageLogger_$logger",
  "methods":[{"name":"<init>","parameterTypes":["org.jboss.logging.Logger"] }]
},
{
  "condition":{"typeReachable":"org.hibernate.boot.model.internal.QueryBinder"},
  "name":"org.hibernate.internal.CoreMessageLogger_$logger",
  "methods":[{"name":"<init>","parameterTypes":["org.jboss.logging.Logger"] }]
},
{
  "condition":{"typeReachable":"org.hibernate.boot.model.internal.TableBinder"},
  "name":"org.hibernate.internal.CoreMessageLogger_$logger",
  "methods":[{"name":"<init>","parameterTypes":["org.jboss.logging.Logger"] }]
},
{
  "condition":{"typeReachable":"org.hibernate.cfg.Environment"},
  "name":"org.hibernate.internal.CoreMessageLogger_$logger",
  "methods":[{"name":"<init>","parameterTypes":["org.jboss.logging.Logger"] }]
},
{
  "condition":{"typeReachable":"org.hibernate.dialect.Dialect"},
  "name":"org.hibernate.internal.CoreMessageLogger_$logger",
  "methods":[{"name":"<init>","parameterTypes":["org.jboss.logging.Logger"] }]
},
{
  "condition":{"typeReachable":"org.hibernate.engine.config.internal.ConfigurationServiceImpl"},
  "name":"org.hibernate.internal.CoreMessageLogger_$logger",
  "methods":[{"name":"<init>","parameterTypes":["org.jboss.logging.Logger"] }]
},
{
  "condition":{"typeReachable":"org.hibernate.engine.internal.Collections"},
  "name":"org.hibernate.internal.CoreMessageLogger_$logger",
  "methods":[{"name":"<init>","parameterTypes":["org.jboss.logging.Logger"] }]
},
{
  "condition":{"typeReachable":"org.hibernate.engine.internal.StatefulPersistenceContext"},
  "name":"org.hibernate.internal.CoreMessageLogger_$logger",
  "methods":[{"name":"<init>","parameterTypes":["org.jboss.logging.Logger"] }]
},
{
  "condition":{"typeReachable":"org.hibernate.engine.internal.Versioning"},
  "name":"org.hibernate.internal.CoreMessageLogger_$logger",
  "methods":[{"name":"<init>","parameterTypes":["org.jboss.logging.Logger"] }]
},
{
  "condition":{"typeReachable":"org.hibernate.engine.jdbc.env.internal.JdbcEnvironmentInitiator"},
  "name":"org.hibernate.internal.CoreMessageLogger_$logger",
  "methods":[{"name":"<init>","parameterTypes":["org.jboss.logging.Logger"] }]
},
{
  "condition":{"typeReachable":"org.hibernate.engine.jdbc.spi.SqlExceptionHelper"},
  "name":"org.hibernate.internal.CoreMessageLogger_$logger",
  "methods":[{"name":"<init>","parameterTypes":["org.jboss.logging.Logger"] }]
},
{
  "condition":{"typeReachable":"org.hibernate.engine.jndi.internal.JndiServiceImpl"},
  "name":"org.hibernate.internal.CoreMessageLogger_$logger",
  "methods":[{"name":"<init>","parameterTypes":["org.jboss.logging.Logger"] }]
},
{
  "condition":{"typeReachable":"org.hibernate.engine.spi.CascadingActions"},
  "name":"org.hibernate.internal.CoreMessageLogger_$logger",
  "methods":[{"name":"<init>","parameterTypes":["org.jboss.logging.Logger"] }]
},
{
  "condition":{"typeReachable":"org.hibernate.engine.transaction.jta.platform.internal.JtaPlatformInitiator"},
  "name":"org.hibernate.internal.CoreMessageLogger_$logger",
  "methods":[{"name":"<init>","parameterTypes":["org.jboss.logging.Logger"] }]
},
{
  "condition":{"typeReachable":"org.hibernate.event.internal.AbstractFlushingEventListener"},
  "name":"org.hibernate.internal.CoreMessageLogger_$logger",
  "methods":[{"name":"<init>","parameterTypes":["org.jboss.logging.Logger"] }]
},
{
  "condition":{"typeReachable":"org.hibernate.event.internal.DefaultAutoFlushEventListener"},
  "name":"org.hibernate.internal.CoreMessageLogger_$logger",
  "methods":[{"name":"<init>","parameterTypes":["org.jboss.logging.Logger"] }]
},
{
  "condition":{"typeReachable":"org.hibernate.event.internal.DefaultLockEventListener"},
  "name":"org.hibernate.internal.CoreMessageLogger_$logger",
  "methods":[{"name":"<init>","parameterTypes":["org.jboss.logging.Logger"] }]
},
{
  "condition":{"typeReachable":"org.hibernate.id.enhanced.OptimizerFactory"},
  "name":"org.hibernate.internal.CoreMessageLogger_$logger",
  "methods":[{"name":"<init>","parameterTypes":["org.jboss.logging.Logger"] }]
},
{
  "condition":{"typeReachable":"org.hibernate.id.enhanced.PooledLoOptimizer"},
  "name":"org.hibernate.internal.CoreMessageLogger_$logger",
  "methods":[{"name":"<init>","parameterTypes":["org.jboss.logging.Logger"] }]
},
{
  "condition":{"typeReachable":"org.hibernate.id.enhanced.PooledLoThreadLocalOptimizer"},
  "name":"org.hibernate.internal.CoreMessageLogger_$logger",
  "methods":[{"name":"<init>","parameterTypes":["org.jboss.logging.Logger"] }]
},
{
  "condition":{"typeReachable":"org.hibernate.id.enhanced.PooledOptimizer"},
  "name":"org.hibernate.internal.CoreMessageLogger_$logger",
  "methods":[{"name":"<init>","parameterTypes":["org.jboss.logging.Logger"] }]
},
{
  "condition":{"typeReachable":"org.hibernate.id.enhanced.TableGenerator"},
  "name":"org.hibernate.internal.CoreMessageLogger_$logger",
  "methods":[{"name":"<init>","parameterTypes":["org.jboss.logging.Logger"] }]
},
{
  "condition":{"typeReachable":"org.hibernate.internal.CoreLogging"},
  "name":"org.hibernate.internal.CoreMessageLogger_$logger",
  "methods":[{"name":"<init>","parameterTypes":["org.jboss.logging.Logger"] }]
},
{
  "condition":{"typeReachable":"org.hibernate.stat.internal.StatisticsInitiator"},
  "name":"org.hibernate.internal.CoreMessageLogger_$logger",
  "methods":[{"name":"<init>","parameterTypes":["org.jboss.logging.Logger"] }]
},
{
  "condition":{"typeReachable":"org.hibernate.type.CollectionType"},
  "name":"org.hibernate.internal.CoreMessageLogger_$logger",
  "methods":[{"name":"<init>","parameterTypes":["org.jboss.logging.Logger"] }]
},
{
  "condition":{"typeReachable":"org.hibernate.internal.HEMLogging"},
  "name":"org.hibernate.internal.EntityManagerMessageLogger_$logger",
  "methods":[{"name":"<init>","parameterTypes":["org.jboss.logging.Logger"] }]
},
{
  "condition":{"typeReachable":"org.hibernate.jpa.internal.util.LogHelper"},
  "name":"org.hibernate.internal.EntityManagerMessageLogger_$logger",
  "methods":[{"name":"<init>","parameterTypes":["org.jboss.logging.Logger"] }]
},
{
  "condition":{"typeReachable":"org.hibernate.internal.log.ConnectionAccessLogger"},
  "name":"org.hibernate.internal.log.ConnectionAccessLogger_$logger",
  "methods":[{"name":"<init>","parameterTypes":["org.jboss.logging.Logger"] }]
},
{
  "condition":{"typeReachable":"org.hibernate.internal.log.ConnectionPoolingLogger"},
  "name":"org.hibernate.internal.log.ConnectionPoolingLogger_$logger",
  "methods":[{"name":"<init>","parameterTypes":["org.jboss.logging.Logger"] }]
},
{
  "condition":{"typeReachable":"org.hibernate.internal.log.DeprecationLogger"},
  "name":"org.hibernate.internal.log.DeprecationLogger_$logger",
  "methods":[{"name":"<init>","parameterTypes":["org.jboss.logging.Logger"] }]
},
{
  "condition":{"typeReachable":"org.hibernate.internal.log.IncubationLogger"},
  "name":"org.hibernate.internal.log.IncubationLogger_$logger",
  "methods":[{"name":"<init>","parameterTypes":["org.jboss.logging.Logger"] }]
},
{
  "condition":{"typeReachable":"org.hibernate.internal.log.UrlMessageBundle"},
  "name":"org.hibernate.internal.log.UrlMessageBundle_$logger",
  "methods":[{"name":"<init>","parameterTypes":["org.jboss.logging.Logger"] }]
},
{
  "condition":{"typeReachable":"org.hibernate.jdbc.Expectations"},
  "name":"org.hibernate.jdbc.Expectation$RowCount",
  "methods":[{"name":"<init>","parameterTypes":[] }]
},
{
  "condition":{"typeReachable":"org.hibernate.metamodel.mapping.MappingModelCreationLogging"},
  "name":"org.hibernate.metamodel.mapping.MappingModelCreationLogging_$logger",
  "methods":[{"name":"<init>","parameterTypes":["org.jboss.logging.Logger"] }]
},
{
  "condition":{"typeReachable":"org.hibernate.persister.internal.PersisterFactoryImpl"},
  "name":"org.hibernate.persister.collection.BasicCollectionPersister",
  "methods":[{"name":"<init>","parameterTypes":["org.hibernate.mapping.Collection","org.hibernate.cache.spi.access.CollectionDataAccess","org.hibernate.metamodel.spi.RuntimeModelCreationContext"] }]
},
{
  "condition":{"typeReachable":"org.hibernate.persister.internal.PersisterFactoryImpl"},
  "name":"org.hibernate.persister.collection.OneToManyPersister",
  "methods":[{"name":"<init>","parameterTypes":["org.hibernate.mapping.Collection","org.hibernate.cache.spi.access.CollectionDataAccess","org.hibernate.metamodel.spi.RuntimeModelCreationContext"] }]
},
{
  "condition":{"typeReachable":"org.hibernate.persister.internal.PersisterFactoryImpl"},
  "name":"org.hibernate.persister.entity.SingleTableEntityPersister",
  "methods":[{"name":"<init>","parameterTypes":["org.hibernate.mapping.PersistentClass","org.hibernate.cache.spi.access.EntityDataAccess","org.hibernate.cache.spi.access.NaturalIdDataAccess","org.hibernate.metamodel.spi.RuntimeModelCreationContext"] }]
},
{
  "condition":{"typeReachable":"org.hibernate.metamodel.model.domain.internal.MappingMetamodelImpl"},
  "name":"org.hibernate.persister.internal.PersisterFactoryImpl",
  "queryAllPublicMethods":true
},
{
  "condition":{"typeReachable":"org.hibernate.persister.internal.PersisterFactoryImpl"},
  "name":"org.hibernate.persister.internal.StandardPersisterClassResolver",
  "queryAllPublicMethods":true
},
{
  "condition":{"typeReachable":"org.hibernate.mapping.Property"},
  "name":"org.hibernate.property.access.internal.PropertyAccessStrategyResolverStandardImpl",
  "queryAllPublicMethods":true
},
{
  "condition":{"typeReachable":"org.hibernate.query.QueryLogging"},
  "name":"org.hibernate.query.QueryLogging_$logger",
  "methods":[{"name":"<init>","parameterTypes":["org.jboss.logging.Logger"] }]
},
{
  "condition":{"typeReachable":"org.hibernate.query.hql.HqlLogging"},
  "name":"org.hibernate.query.hql.HqlLogging_$logger",
  "methods":[{"name":"<init>","parameterTypes":["org.jboss.logging.Logger"] }]
},
{
  "condition":{"typeReachable":"org.hibernate.resource.beans.internal.BeansMessageLogger"},
  "name":"org.hibernate.resource.beans.internal.BeansMessageLogger_$logger",
  "methods":[{"name":"<init>","parameterTypes":["org.jboss.logging.Logger"] }]
},
{
  "condition":{"typeReachable":"org.hibernate.boot.model.internal.AnnotationBinder"},
  "name":"org.hibernate.resource.beans.internal.ManagedBeanRegistryImpl",
  "queryAllPublicMethods":true
},
{
  "condition":{"typeReachable":"org.hibernate.boot.internal.SessionFactoryOptionsBuilder"},
  "name":"org.hibernate.resource.transaction.backend.jdbc.internal.JdbcResourceLocalTransactionCoordinatorBuilderImpl",
  "queryAllPublicMethods":true
},
{
  "condition":{"typeReachable":"org.hibernate.resource.transaction.internal.TransactionCoordinatorBuilderInitiator"},
  "name":"org.hibernate.resource.transaction.backend.jdbc.internal.JdbcResourceLocalTransactionCoordinatorBuilderImpl",
  "methods":[{"name":"<init>","parameterTypes":[] }]
},
{
  "condition":{"typeReachable":"org.hibernate.internal.SessionFactoryImpl"},
  "name":"org.hibernate.service.internal.SessionFactoryServiceRegistryFactoryImpl",
  "queryAllPublicMethods":true
},
{
  "condition":{"typeReachable":"org.hibernate.engine.jdbc.internal.JdbcServicesImpl"},
  "name":"org.hibernate.sql.ast.internal.ParameterMarkerStrategyStandard",
  "queryAllPublicMethods":true
},
{
  "condition":{"typeReachable":"org.hibernate.sql.ast.tree.SqlAstTreeLogger"},
  "name":"org.hibernate.sql.ast.tree.SqlAstTreeLogger_$logger",
  "methods":[{"name":"<init>","parameterTypes":["org.jboss.logging.Logger"] }]
},
{
  "condition":{"typeReachable":"org.hibernate.sql.exec.SqlExecLogger"},
  "name":"org.hibernate.sql.exec.SqlExecLogger_$logger",
  "methods":[{"name":"<init>","parameterTypes":["org.jboss.logging.Logger"] }]
},
{
  "condition":{"typeReachable":"org.hibernate.sql.results.LoadingLogger"},
  "name":"org.hibernate.sql.results.LoadingLogger_$logger",
  "methods":[{"name":"<init>","parameterTypes":["org.jboss.logging.Logger"] }]
},
{
  "condition":{"typeReachable":"org.hibernate.sql.results.graph.embeddable.EmbeddableLoadingLogger"},
  "name":"org.hibernate.sql.results.graph.embeddable.EmbeddableLoadingLogger_$logger",
  "methods":[{"name":"<init>","parameterTypes":["org.jboss.logging.Logger"] }]
},
{
  "condition":{"typeReachable":"org.hibernate.sql.results.ResultsLogger"},
  "name":"org.hibernate.sql.results.ResultsLogger_$logger",
  "methods":[{"name":"<init>","parameterTypes":["org.jboss.logging.Logger"] }]
},
{
  "condition":{"typeReachable":"org.hibernate.internal.FastSessionServices"},
  "name":"org.hibernate.sql.results.jdbc.internal.JdbcValuesMappingProducerProviderStandard",
  "queryAllPublicMethods":true
},
{
  "condition":{"typeReachable":"org.hibernate.internal.SessionFactoryImpl"},
  "name":"org.hibernate.stat.internal.StatisticsImpl",
  "queryAllPublicMethods":true
},
{
  "condition":{"typeReachable":"org.hibernate.tool.schema.spi.SchemaManagementToolCoordinator"},
  "name":"org.hibernate.tool.schema.internal.HibernateSchemaManagementTool",
  "queryAllPublicMethods":true
},
{
  "condition":{"typeReachable":"org.hibernate.tool.schema.internal.SchemaDropperImpl"},
  "name":"org.hibernate.tool.schema.internal.script.SingleLineSqlScriptExtractor",
  "queryAllPublicMethods":true
},
{
  "condition":{"typeReachable":"org.hibernate.type.descriptor.JdbcTypeNameMapper"},
  "name":"org.hibernate.type.SqlTypes",
  "allPublicFields":true
},
{
  "condition":{"typeReachable":"org.hibernate.boot.jaxb.JaxbLogger"},
  "name":"org.jboss.logmanager.LogManager"
},
{
  "condition":{"typeReachable":"org.hibernate.boot.registry.internal.BootstrapServiceRegistryImpl"},
  "name":"org.jboss.logmanager.LogManager"
},
{
  "condition":{"typeReachable":"org.hibernate.id.enhanced.OptimizerFactory"},
  "name":"org.jboss.logmanager.LogManager"
},
{
  "condition":{"typeReachable":"org.hibernate.jpa.HibernatePersistenceProvider"},
  "name":"org.jboss.logmanager.LogManager"
},
{
  "condition":{"typeReachable":"org.hibernate.engine.transaction.jta.platform.internal.StandardJtaPlatformResolver"},
  "name":"org.objectweb.jonas_tm.Current"
},
{
  "condition":{"typeReachable":"org.hibernate.engine.transaction.jta.platform.internal.StandardJtaPlatformResolver"},
  "name":"org.objectweb.jotm.Current"
},
{
  "condition":{"typeReachable":"org.hibernate.dialect.PgJdbcHelper"},
  "name":"org.postgresql.util.PGobject"
},
{
  "condition":{"typeReachable":"org.hibernate.engine.transaction.jta.platform.internal.StandardJtaPlatformResolver"},
  "name":"org.wildfly.transaction.client.ContextTransactionManager"
},
{
  "condition":{"typeReachable":"org.hibernate.internal.log.ConnectionInfoLogger"},
  "name":"org.hibernate.internal.log.ConnectionInfoLogger_$logger",
  "methods":[{"name":"<init>","parameterTypes":["org.jboss.logging.Logger"] }]
}
]