{
  "resources": {
    "includes": [
      {
        "condition": {
          "typeReachable": "liquibase.command.core.helpers.DatabaseChangelogCommandStep"
        },
        "pattern": "\\Qchangelog.xml\\E"
      },
      {
        "condition": {
          "typeReachable": "liquibase.parser.core.yaml.YamlChangeLogParser"
        },
        "pattern": "\\Qchangelog.yaml\\E"
      },
      {
        "condition": {
          "typeReachable": "liquibase.changelog.DatabaseChangeLog"
        },
        "pattern": "\\Qincluded.changelog.xml\\E"
      },
      {
        "condition": {
          "typeReachable": "liquibase.util.LiquibaseUtil"
        },
        "pattern": "\\Qliquibase.build.properties\\E"
      },
      {
        "condition": {
          "typeReachable": "liquibase.changelog.DatabaseChangeLog"
        },
        "pattern": "\\Qrenamed.changelog.xml\\E"
      },
      {
        "condition": {
          "typeReachable": "liquibase.parser.core.xml.LiquibaseEntityResolver$CombinedClassLoader"
        },
        "pattern": "\\Qwww.liquibase.org/xml/ns/dbchangelog/dbchangelog-latest.xsd\\E"
      },
      {
        "condition": {
          "typeReachable": "liquibase.changelog.ChangeSetStatus"
        },
        "pattern": "java.base:\\Qjdk/internal/icu/impl/data/icudt67b/nfc.nrm\\E"
      },
      {
        "condition": {
          "typeReachable": "liquibase.changelog.visitor.StatusVisitor"
        },
        "pattern": "java.base:\\Qjdk/internal/icu/impl/data/icudt67b/nfc.nrm\\E"
      }
    ]
  },
  "bundles": [
    {
      "name": "com.sun.org.apache.xerces.internal.impl.xpath.regex.message",
      "locales": [
        "und"
      ]
    },
    {
      "name": "liquibase/i18n/liquibase-core",
      "locales": [
        "und"
      ]
    }
  ]
}
