[
  {
    "condition": {
      "typeReachable": "org.eclipse.jetty.util.ClassMatcher"
    },
    "name": "org.eclipse.jetty.util.ClassMatcher$ByLocationOrModule",
    "methods": [
      {
        "name": "<init>",
        "parameterTypes": []
      }
    ]
  },
  {
    "condition": {
      "typeReachable": "org.eclipse.jetty.util.ClassMatcher"
    },
    "name": "org.eclipse.jetty.util.ClassMatcher$ByPackageOrName",
    "methods": [
      {
        "name": "<init>",
        "parameterTypes": []
      }
    ]
  }
]
