{
  "$id": "https://raw.githubusercontent.com/oracle/graalvm-reachability-metadata/master/schemas/metadata-root-index-schema-v1.0.0.json",
  "$schema": "https://json-schema.org/draft/2020-12/schema",
  "description": "Schema for metadata/index.json. This file lists modules known to the repository and optionally the directory where their metadata is stored, the allowed package prefixes for metadata, and inter-module requirements. See docs/CONTRIBUTING.md (Metadata structure).",
  "type": "array",
  "items": {
    "type": "object",
    "additionalProperties": false,
    "required": ["module"],
    "properties": {
      "module": {
        "$ref": "#/$defs/moduleCoordinate",
        "description": "Maven coordinates for the module in the form '<groupId>:<artifactId>'."
      },
      "directory": {
        "type": "string",
        "minLength": 1,
        "pattern": "^[^\\s].*$",
        "description": "Repository-relative path under 'metadata/' containing this module's metadata (e.g. 'org.example/library'). If omitted, the entry may reference requirements only."
      },
      "allowed-packages": {
        "type": "array",
        "description": "List of package (or fully-qualified name) prefixes considered valid sources of metadata entries for this module. Used to filter-in relevant JSON entries.",
        "minItems": 1,
        "uniqueItems": true,
        "items": {
          "type": "string",
          "minLength": 1
        }
      },
      "requires": {
        "type": "array",
        "description": "Optional list of module coordinates this module depends on. Each item is '<groupId>:<artifactId>'.",
        "minItems": 1,
        "uniqueItems": true,
        "items": {
          "$ref": "#/$defs/moduleCoordinate"
        }
      }
    }
  },
  "$defs": {
    "moduleCoordinate": {
      "type": "string",
      "pattern": "^[^:]+:[^:]+$"
    }
  },
  "examples": [
    [
      {
        "directory": "org.example/library",
        "module": "org.example:library"
      },
      {
        "allowed-packages": ["org.package.name"],
        "module": "org.example:dependant-library",
        "requires": ["org.example:library"]
      },
      {
        "allowed-packages" : [ "org.hibernate", "jakarta" ],
        "directory" : "org.hibernate.orm/hibernate-envers",
        "module" : "org.hibernate.orm:hibernate-envers",
        "requires" : [ "org.hibernate.orm:hibernate-core" ]
      }
    ]
  ]
}
